clone,population,gen,mutator_status,n_mut,n_snp,resid
Ara+1 F500 I1,Ara+1,500,non-mutator,5,3,-0.4297392074323412
Ara+1 F500 I2,Ara+1,500,non-mutator,4,1,-1.4297392074323412
Ara+1 F1000 I1,Ara+1,1000,non-mutator,4,2,-2.2828429271172253
Ara+1 F1000 I2,Ara+1,1000,non-mutator,2,1,-4.282842927117225
Ara+1 F1500 I1,Ara+1,1500,non-mutator,7,5,-0.13594664680210933
Ara+1 F1500 I2,Ara+1,1500,non-mutator,6,5,-1.1359466468021093
Ara+1 F2000 I1,Ara+1,2000,non-mutator,9,4,1.0109496335130057
Ara+1 F2000 I2,Ara+1,2000,non-mutator,9,2,1.0109496335130057
Ara+1 F5000 I1,Ara+1,5000,IS-mutator,23,4,9.8923273154037
Ara+1 F5000 I2,Ara+1,5000,IS-mutator,21,7,7.8923273154036995
Ara+1 F10000 I1,Ara+1,10000,IS-mutator,38,10,16.361290118554855
Ara+1 F10000 I2,Ara+1,10000,IS-mutator,36,8,14.361290118554855
Ara+1 F15000 I1,Ara+1,15000,IS-mutator,53,16,22.83025292170601
Ara+1 F15000 I2,Ara+1,15000,IS-mutator,53,17,22.83025292170601
Ara+1 F20000 I1,Ara+1,20000,IS-mutator,64,17,25.299215724857163
Ara+1 F20000 I2,Ara+1,20000,IS-mutator,62,19,23.299215724857163
Ara+1 F30000 I1,Ara+1,30000,IS-mutator,90,27,34.23714133115948
Ara+1 F30000 I2,Ara+1,30000,IS-mutator,87,28,31.237141331159478
Ara+1 F40000 I1,Ara+1,40000,IS-mutator,104,33,31.175066937461793
Ara+1 F40000 I2,Ara+1,40000,IS-mutator,108,31,35.17506693746179
Ara+1 F50000 I1,Ara+1,50000,IS-mutator,124,49,34.11299254376409
Ara+1 F50000 I2,Ara+1,50000,IS-mutator,127,47,37.11299254376409
Ara+2 F500 I1,Ara+2,500,non-mutator,3,2,-2.429739207432341
Ara+2 F500 I2,Ara+2,500,non-mutator,3,2,-2.429739207432341
Ara+2 F1000 I1,Ara+2,1000,non-mutator,4,3,-2.2828429271172253
Ara+2 F1000 I2,Ara+2,1000,non-mutator,4,3,-2.2828429271172253
Ara+2 F1500 I1,Ara+2,1500,non-mutator,5,3,-2.1359466468021093
Ara+2 F1500 I2,Ara+2,1500,non-mutator,6,5,-1.1359466468021093
Ara+2 F2000 I1,Ara+2,2000,non-mutator,8,6,0.010949633513005708
Ara+2 F2000 I2,Ara+2,2000,non-mutator,9,5,1.0109496335130057
Ara+2 F5000 I1,Ara+2,5000,non-mutator,12,5,-1.1076726845963005
Ara+2 F5000 I2,Ara+2,5000,non-mutator,11,5,-2.1076726845963005
Ara+2 F10000 I1,Ara+2,10000,non-mutator,23,12,1.3612901185548552
Ara+2 F10000 I2,Ara+2,10000,non-mutator,25,12,3.361290118554855
Ara+2 F15000 I1,Ara+2,15000,non-mutator,31,15,0.8302529217060091
Ara+2 F15000 I2,Ara+2,15000,non-mutator,33,17,2.830252921706009
Ara+2 F20000 I1,Ara+2,20000,non-mutator,38,18,-0.700784275142837
Ara+2 F20000 I2,Ara+2,20000,non-mutator,35,16,-3.700784275142837
Ara+2 F30000 I1,Ara+2,30000,non-mutator,48,23,-7.762858668840522
Ara+2 F30000 I2,Ara+2,30000,non-mutator,49,22,-6.762858668840522
Ara+2 F40000 I1,Ara+2,40000,non-mutator,60,32,-12.824933062538207
Ara+2 F40000 I2,Ara+2,40000,non-mutator,56,28,-16.824933062538207
Ara+2 F50000 I1,Ara+2,50000,non-mutator,70,38,-19.887007456235906
Ara+2 F50000 I2,Ara+2,50000,non-mutator,70,39,-19.887007456235906
Ara+3 F500 I1,Ara+3,500,non-mutator,3,1,-2.429739207432341
Ara+3 F500 I2,Ara+3,500,non-mutator,4,1,-1.4297392074323412
Ara+3 F1000 I1,Ara+3,1000,non-mutator,4,2,-2.2828429271172253
Ara+3 F1000 I2,Ara+3,1000,non-mutator,4,2,-2.2828429271172253
Ara+3 F1500 I1,Ara+3,1500,non-mutator,6,3,-1.1359466468021093
Ara+3 F1500 I2,Ara+3,1500,non-mutator,6,4,-1.1359466468021093
Ara+3 F2000 I1,Ara+3,2000,non-mutator,8,4,0.010949633513005708
Ara+3 F2000 I2,Ara+3,2000,non-mutator,10,4,2.0109496335130057
Ara+4 F500 I1,Ara+4,500,non-mutator,2,1,-3.429739207432341
Ara+4 F500 I2,Ara+4,500,non-mutator,3,2,-2.429739207432341
Ara+4 F1000 I1,Ara+4,1000,non-mutator,2,1,-4.282842927117225
Ara+4 F1000 I2,Ara+4,1000,non-mutator,4,2,-2.2828429271172253
Ara+4 F1500 I1,Ara+4,1500,non-mutator,7,5,-0.13594664680210933
Ara+4 F1500 I2,Ara+4,1500,non-mutator,9,8,1.8640533531978907
Ara+4 F2000 I1,Ara+4,2000,non-mutator,6,4,-1.9890503664869943
Ara+4 F2000 I2,Ara+4,2000,non-mutator,7,3,-0.9890503664869943
Ara+4 F5000 I1,Ara+4,5000,non-mutator,12,7,-1.1076726845963005
Ara+4 F5000 I2,Ara+4,5000,non-mutator,9,6,-4.1076726845963005
Ara+4 F10000 I1,Ara+4,10000,non-mutator,22,12,0.36129011855485516
Ara+4 F10000 I2,Ara+4,10000,non-mutator,22,12,0.36129011855485516
Ara+4 F15000 I1,Ara+4,15000,non-mutator,27,14,-3.169747078293991
Ara+4 F15000 I2,Ara+4,15000,non-mutator,28,15,-2.169747078293991
Ara+4 F20000 I1,Ara+4,20000,non-mutator,40,21,1.299215724857163
Ara+4 F20000 I2,Ara+4,20000,non-mutator,37,21,-1.700784275142837
Ara+4 F30000 I1,Ara+4,30000,non-mutator,44,24,-11.762858668840522
Ara+4 F30000 I2,Ara+4,30000,non-mutator,42,25,-13.762858668840522
Ara+4 F40000 I1,Ara+4,40000,non-mutator,54,32,-18.824933062538207
Ara+4 F40000 I2,Ara+4,40000,non-mutator,54,31,-18.824933062538207
Ara+4 F50000 I1,Ara+4,50000,non-mutator,69,41,-20.887007456235906
Ara+4 F50000 I2,Ara+4,50000,non-mutator,69,41,-20.887007456235906
Ara+5 F500 I1,Ara+5,500,non-mutator,2,1,-3.429739207432341
Ara+5 F500 I2,Ara+5,500,non-mutator,2,2,-3.429739207432341
Ara+5 F1000 I1,Ara+5,1000,non-mutator,6,3,-0.28284292711722525
Ara+5 F1000 I2,Ara+5,1000,non-mutator,3,2,-3.2828429271172253
Ara+5 F1500 I1,Ara+5,1500,non-mutator,5,3,-2.1359466468021093
Ara+5 F1500 I2,Ara+5,1500,non-mutator,4,3,-3.1359466468021093
Ara+5 F2000 I1,Ara+5,2000,non-mutator,7,4,-0.9890503664869943
Ara+5 F2000 I2,Ara+5,2000,non-mutator,7,5,-0.9890503664869943
Ara+5 F5000 I1,Ara+5,5000,non-mutator,15,9,1.8923273154036995
Ara+5 F5000 I2,Ara+5,5000,non-mutator,11,8,-2.1076726845963005
Ara+5 F10000 I1,Ara+5,10000,non-mutator,20,15,-1.6387098814451448
Ara+5 F10000 I2,Ara+5,10000,non-mutator,17,12,-4.638709881445145
Ara+5 F15000 I1,Ara+5,15000,non-mutator,30,18,-0.16974707829399094
Ara+5 F15000 I2,Ara+5,15000,non-mutator,31,18,0.8302529217060091
Ara+5 F20000 I1,Ara+5,20000,non-mutator,33,20,-5.700784275142837
Ara+5 F20000 I2,Ara+5,20000,non-mutator,32,20,-6.700784275142837
Ara+5 F30000 I1,Ara+5,30000,non-mutator,50,27,-5.762858668840522
Ara+5 F30000 I2,Ara+5,30000,non-mutator,51,28,-4.762858668840522
Ara+5 F40000 I1,Ara+5,40000,non-mutator,66,36,-6.824933062538207
Ara+5 F40000 I2,Ara+5,40000,non-mutator,69,36,-3.824933062538207
Ara+5 F50000 I1,Ara+5,50000,non-mutator,79,45,-10.887007456235906
Ara+5 F50000 I2,Ara+5,50000,non-mutator,81,44,-8.887007456235906
Ara+6 F500 I1,Ara+6,500,non-mutator,3,2,-2.429739207432341
Ara+6 F500 I2,Ara+6,500,non-mutator,3,1,-2.429739207432341
Ara+6 F1000 I1,Ara+6,1000,non-mutator,4,3,-2.2828429271172253
Ara+6 F1000 I2,Ara+6,1000,non-mutator,3,3,-3.2828429271172253
Ara+6 F1500 I1,Ara+6,1500,non-mutator,4,4,-3.1359466468021093
Ara+6 F1500 I2,Ara+6,1500,non-mutator,6,4,-1.1359466468021093
Ara+6 F2000 I1,Ara+6,2000,non-mutator,5,4,-2.9890503664869943
Ara+6 F2000 I2,Ara+6,2000,non-mutator,5,4,-2.9890503664869943
Ara+6 F5000 I1,Ara+6,5000,non-mutator,8,6,-5.1076726845963005
Ara+6 F5000 I2,Ara+6,5000,non-mutator,10,6,-3.1076726845963005
