position,type,size_bp,n_genes,clones,contains_rpoS,same-start AMP in same clone,"mutations inside span, same clone",genes without RB-TnSeq data (likely essential),genes with glucose fitness <= -2,verdict
490481,DEL,161226,168,"A1 F30000 I1, A1 F30000 I2, A1 F40000 I1, A1 F40000 I2, A1 F50000 I1, A1 F50000 I2",False,"161,226 bp x 2 (6/6 clones)","insB-7 MOB; [nmpC], ybcR, ybcS, ybcT, ybcU, ECB_00510, nohB, ECB_00512, [ECB_00513] DEL; ybdK, insJ-1 INS; hokE, insL-3, entD, fepA, fes, ybdZ, entF, [fepE] DEL; citX SNP","ybbC, ppiB, cysS, ybcJ, folD, argU, ybcK, ybdD, citX, lipA, ybeD, mrdB, mrdA","purK, purE, fepC, fepG, fepD, fepB, lipB",amplification junction
547700,DEL,8125,9,"A1 F15000 I1, A1 F15000 I2, A1 F20000 I1, A1 F20000 I2, A1 F30000 I1, A1 F30000 I2, A1 F40000 I1, A1 F40000 I2, A1 F50000 I1, A1 F50000 I2",False,,,,,deletion
547700,DEL,11807,14,"A4 F20000 I1, A4 F20000 I2, A4 F30000 I1, A4 F30000 I2, A4 F40000 I1, A4 F40000 I2, A4 F50000 I1, A4 F50000 I2",False,,,,,deletion
547700,DEL,42623,44,"A2 F10000 I1, A2 F10000 I2, A2 F15000 I1, A2 F15000 I2, A2 F20000 I1, A2 F20000 I2, A2 F30000 I1, A2 F30000 I2, A2 F40000 I1, A2 F40000 I2, A2 F50000 I1, A2 F50000 I2",False,,,,,deletion
547700,DEL,9914,11,"A5 F20000 I1, A5 F20000 I2",False,,,,,deletion
590323,DEL,10620,8,"A5 F10000 I1, A5 F10000 I2",False,,,,,deletion
590472,DEL,10624,8,"A1 F30000 I1, A1 F40000 I1, A1 F40000 I2",False,,,,,deletion
590472,DEL,9185,7,A1 F10000 I1,False,,,,,deletion
787879,DEL,12090,14,"A3 F2000 I2, A4 F10000 I1, A4 F10000 I2, A4 F15000 I1, A4 F15000 I2, A4 F20000 I1, A4 F20000 I2, A4 F30000 I1, A4 F30000 I2, A4 F40000 I1, A4 F40000 I2, A4 F50000 I1, A4 F50000 I2",False,,,,,deletion
1609130,DEL,7554,14,"A1 F20000 I2, A1 F30000 I1, A1 F30000 I2, A1 F40000 I1, A1 F40000 I2, A1 F50000 I1, A1 F50000 I2, A4 F30000 I1",False,,,"cspI, ydfR",,deletion
1609175,DEL,7554,14,A5 F15000 I2,False,,,"cspI, ydfR",,deletion
1734709,DEL,28960,27,A2 F15000 I2,False,"13,712 bp x 3 (1/1 clones)",,ydiT,aroD,amplification junction
1734709,DEL,13712,14,A2 F50000 I1,False,"13,712 bp x 3 (1/1 clones)",,,,amplification junction
1734709,DEL,13712,14,"A2 F50000 I1, A2 F50000 I2",False,"13,712 bp x 3 (2/2 clones)",,,,amplification junction
1974040,DEL,8273,10,"A1 F40000 I2, A1 F50000 I1, A1 F50000 I2",False,,,serU,,deletion
2031703,DEL,23293,23,"A4 F15000 I1, A4 F20000 I1, A4 F20000 I2, A4 F30000 I1, A4 F30000 I2, A4 F40000 I1, A4 F40000 I2, A4 F50000 I1, A4 F50000 I2",False,,,,,deletion
2032369,DEL,23293,23,"A5 F20000 I1, A5 F20000 I2",False,,,,,deletion
2034358,DEL,19491,20,"A1 F20000 I1, A1 F20000 I2, A1 F30000 I1, A1 F30000 I2, A1 F40000 I1, A1 F40000 I2, A1 F50000 I1, A1 F50000 I2",False,,,,,deletion
2037725,DEL,10387,12,"A2 F10000 I1, A2 F10000 I2, A2 F15000 I1, A2 F15000 I2, A2 F20000 I1, A2 F20000 I2, A2 F30000 I1, A2 F30000 I2, A2 F40000 I1, A2 F40000 I2, A2 F50000 I1, A2 F50000 I2",False,,,,,deletion
2086923,DEL,6104,3,"A1 F20000 I1, A1 F20000 I2, A1 F30000 I1, A1 F30000 I2, A1 F40000 I1, A1 F40000 I2, A1 F50000 I1, A1 F50000 I2",False,,,,,deletion
2093030,DEL,5335,5,"A1 F15000 I1, A1 F15000 I2",False,,,,,deletion
2100308,DEL,22146,27,"A2 F20000 I1, A2 F20000 I2, A2 F30000 I1, A2 F30000 I2, A2 F40000 I1, A2 F40000 I2, A2 F50000 I1, A2 F50000 I2, A4 F20000 I1, A4 F20000 I2, A4 F30000 I1, A4 F30000 I2, A4 F40000 I1, A4 F40000 I2, A4 F50000 I1, A4 F50000 I2, A5 F30000 I1, A5 F30000 I2, A5 F40000 I1, A5 F40000 I2, A5 F50000 I1, A5 F50000 I2",False,,,,,deletion
2129538,DEL,13526,17,"A4 F40000 I1, A4 F40000 I2, A4 F50000 I1, A4 F50000 I2",False,,,,,deletion
2713428,DEL,60769,60,"A1 F50000 I1, A2 F10000 I2",True,"60,769 bp x 2 (2/2 clones)",ygbK SNP,"serV, csrA, alaS, ispF, ispD, ftsB","cysC, cysN, cysD",amplification junction
2996589,DEL,27356,26,"A2 F15000 I1, A2 F15000 I2, A2 F20000 I1, A2 F20000 I2, A2 F30000 I1, A2 F30000 I2, A2 F40000 I1, A2 F40000 I2, A2 F50000 I1, A2 F50000 I2",False,,,,,deletion
3002909,DEL,6030,7,"A1 F10000 I1, A1 F10000 I2, A1 F15000 I1, A1 F15000 I2, A1 F20000 I1, A1 F20000 I2, A1 F30000 I1, A1 F30000 I2, A1 F40000 I1, A1 F40000 I2, A1 F50000 I1, A1 F50000 I2",False,,,,,deletion
3008939,DEL,39549,37,"A1 F10000 I1, A1 F10000 I2, A1 F15000 I1, A1 F15000 I2, A1 F20000 I1, A1 F20000 I2, A1 F30000 I1, A1 F30000 I2, A1 F40000 I1, A1 F40000 I2, A1 F5000 I1, A1 F50000 I1, A1 F50000 I2",False,,,,,deletion
3024346,DEL,55771,51,"A5 F15000 I1, A5 F15000 I2, A5 F30000 I1, A5 F30000 I2, A5 F40000 I1, A5 F40000 I2, A5 F50000 I1, A5 F50000 I2",False,,,,,deletion
3775352,DEL,20893,26,A4 F50000 I1,False,,,,,deletion
3894997,DEL,6109,7,A4 F2000 I2,False,,,,,deletion
3894997,DEL,6244,7,"A1 F1500 I1, A1 F1500 I2, A1 F500 I1",False,,,,,deletion
3894997,DEL,6414,7,"A2 F1500 I1, A3 F2000 I2",False,,,,,deletion
3894997,DEL,5160,6,"A6 F5000 I1, A6 F5000 I2",False,,,,,deletion
3894997,DEL,5111,6,"A5 F1500 I1, A5 F2000 I1, A5 F2000 I2",False,,,,,deletion
3894997,DEL,6417,7,"A6 F2000 I1, A6 F2000 I2",False,,,,,deletion
3894997,DEL,5691,6,"A3 F1000 I1, A3 F1500 I1, A3 F2000 I1",False,,,,,deletion
3894997,DEL,6138,7,"A1 F10000 I1, A1 F10000 I2, A1 F15000 I1, A1 F15000 I2, A1 F2000 I1, A1 F2000 I2, A1 F20000 I1, A1 F20000 I2, A1 F30000 I1, A1 F30000 I2, A1 F40000 I1, A1 F40000 I2, A1 F5000 I1, A1 F5000 I2, A1 F50000 I1, A1 F50000 I2",False,,,,,deletion
3894997,DEL,6462,7,A6 F1500 I2,False,,,,,deletion
4254662,DEL,36044,29,"A5 F30000 I1, A5 F30000 I2, A5 F40000 I1, A5 F40000 I2, A5 F50000 I1, A5 F50000 I2",False,"36,044 bp x 3 (6/6 clones)","actP SNP; [yjcF], actP, yjcH, acs, nrfA, nrfB, nrfC, nrfD, nrfE, nrfF, nrfG, gltP, yjcO, fdhF, yjcP, yjcQ, yjcR, yjcS, alsK, alsE, alsC, alsA, alsB, [rpiR] DEL; actP SNP",,,amplification junction
4261613,DEL,29861,24,"A5 F40000 I2, A5 F50000 I2",False,"29,093 bp x 2 (2/2 clones)",actP SNP; actP SNP,,,amplification junction
4275716,SUB,57511,52,"A1 F20000 I2, A1 F30000 I1, A1 F30000 I2, A1 F40000 I1, A1 F40000 I2, A1 F50000 I1, A1 F50000 I2",False,,rpiR INS,,,deletion
4506110,DEL,16229,18,"A2 F15000 I1, A2 F15000 I2, A2 F20000 I1, A2 F20000 I2, A2 F30000 I1, A2 F30000 I2, A2 F40000 I1, A2 F40000 I2, A2 F50000 I1, A2 F50000 I2, A4 F20000 I1",False,,,,,deletion
4538543,DEL,28543,24,A1 F30000 I2,False,,,,,deletion
