position,size_bp,within,inside_amplification
16973,1,MOB 16973 IS150,False
16973,16,MOB 16973 IS150,False
490481,161226,AMP 490481 161226 x2,True
1270045,619,MOB 1270660 IS150,False
1270661,1,MOB 1270660 IS150,False
1353847,581,MOB 1354425 IS150,False
1460542,1727,MOB 1462266 IS150,False
1734709,13712,AMP 1734709 13712 x3,True
1734709,28960,AMP 1734709 13712 x3,True
2037725,10387,MOB 2048103 IS1,False
2086868,58,MOB 2086923 IS150,False
2086923,6104,MOB 2086923 IS150,False
2397529,17,MOB 2397543 IS150,False
2655705,79,MOB 2655781 IS150,False
2713428,60769,AMP 2713428 60769 x2,True
3024346,55771,MOB 3080114 IS150,False
3270282,165,MOB 3270443 IS150,False
3270320,127,MOB 3270443 IS150,False
4047676,1907,MOB 4049580 IS150,False
4254662,36044,AMP 4254662 36044 x3,True
4261613,29861,AMP 4261613 29093 x2,True
