aledb_clone,n_aledb,barrick_gd,n_gd,shared,jaccard,population,mutator_status
A1 F500 I1,5,Ara+1_500gen_768A,7,5,0.714,Ara+1,non-mutator
A1 F500 I2,4,Ara+1_500gen_768B,6,4,0.667,Ara+1,non-mutator
A1 F1000 I1,4,Ara+1_1000gen_958A,6,4,0.667,Ara+1,non-mutator
A1 F1000 I2,2,Ara+1_1000gen_958B,4,2,0.5,Ara+1,non-mutator
A1 F1500 I1,7,Ara+1_1500gen_1062A,9,7,0.778,Ara+1,non-mutator
A1 F1500 I2,6,Ara+1_1500gen_1062B,8,6,0.75,Ara+1,non-mutator
A1 F2000 I1,9,Ara+1_2000gen_1158A,11,9,0.818,Ara+1,non-mutator
A1 F2000 I2,9,Ara+1_2000gen_1158C,11,9,0.818,Ara+1,non-mutator
A1 F5000 I1,23,Ara+1_5000gen_2173A,25,23,0.92,Ara+1,IS-mutator
A1 F5000 I2,21,Ara+1_5000gen_2173B,23,21,0.913,Ara+1,IS-mutator
A1 F10000 I1,38,Ara+1_10000gen_4530A,40,38,0.95,Ara+1,IS-mutator
A1 F10000 I2,36,Ara+1_10000gen_4530B,38,36,0.947,Ara+1,IS-mutator
A1 F15000 I1,53,Ara+1_15000gen_7183A,55,53,0.964,Ara+1,IS-mutator
A1 F15000 I2,53,Ara+1_15000gen_7183B,55,53,0.964,Ara+1,IS-mutator
A1 F20000 I1,64,Ara+1_20000gen_9282A,66,64,0.97,Ara+1,IS-mutator
A1 F20000 I2,62,Ara+1_20000gen_9282B,64,62,0.969,Ara+1,IS-mutator
A1 F30000 I1,90,Ara+1_30000gen_10450,92,90,0.978,Ara+1,IS-mutator
A1 F30000 I2,87,Ara+1_30000gen_10451,89,87,0.978,Ara+1,IS-mutator
A1 F40000 I1,104,Ara+1_40000gen_11008,106,104,0.981,Ara+1,IS-mutator
A1 F40000 I2,108,Ara+1_40000gen_11009,110,108,0.982,Ara+1,IS-mutator
A1 F50000 I1,124,Ara+1_50000gen_11392,126,124,0.984,Ara+1,IS-mutator
A1 F50000 I2,127,Ara+1_50000gen_11393,129,127,0.984,Ara+1,IS-mutator
A2 F500 I1,3,Ara+2_500gen_769A,5,3,0.6,Ara+2,non-mutator
A2 F500 I2,3,Ara+2_500gen_769A,5,3,0.6,Ara+2,non-mutator
A2 F1000 I1,4,Ara+2_1000gen_959A,6,4,0.667,Ara+2,non-mutator
A2 F1000 I2,4,Ara+2_1000gen_959B,6,4,0.667,Ara+2,non-mutator
A2 F1500 I1,5,Ara+2_1500gen_1063A,7,5,0.714,Ara+2,non-mutator
A2 F1500 I2,6,Ara+2_1500gen_1063B,8,6,0.75,Ara+2,non-mutator
A2 F2000 I1,8,Ara+2_2000gen_1159A,10,8,0.8,Ara+2,non-mutator
A2 F2000 I2,9,Ara+2_2000gen_1159B,11,9,0.818,Ara+2,non-mutator
A2 F5000 I1,12,Ara+2_5000gen_2174A,14,12,0.857,Ara+2,non-mutator
A2 F5000 I2,11,Ara+2_5000gen_2174B,13,11,0.846,Ara+2,non-mutator
A2 F10000 I1,23,Ara+2_10000gen_4531A,25,23,0.92,Ara+2,non-mutator
A2 F10000 I2,25,Ara+2_10000gen_4531B,27,25,0.926,Ara+2,non-mutator
A2 F15000 I1,30,Ara+2_15000gen_7184A,32,30,0.938,Ara+2,non-mutator
A2 F15000 I2,33,Ara+2_15000gen_7184B,35,33,0.943,Ara+2,non-mutator
A2 F20000 I1,38,Ara+2_20000gen_8601A,40,38,0.95,Ara+2,non-mutator
A2 F20000 I2,35,Ara+2_20000gen_8601B,37,35,0.946,Ara+2,non-mutator
A2 F30000 I1,48,Ara+2_30000gen_10407,50,48,0.96,Ara+2,non-mutator
A2 F30000 I2,48,Ara+2_30000gen_10408,50,48,0.96,Ara+2,non-mutator
A2 F40000 I1,60,Ara+2_40000gen_10950,62,60,0.968,Ara+2,non-mutator
A2 F40000 I2,56,Ara+2_40000gen_10951,58,56,0.966,Ara+2,non-mutator
A2 F50000 I1,69,Ara+2_50000gen_11342,71,69,0.972,Ara+2,non-mutator
A2 F50000 I2,70,Ara+2_50000gen_11343,72,70,0.972,Ara+2,non-mutator
A3 F500 I1,3,Ara+3_500gen_770A,5,3,0.6,Ara+3,non-mutator
A3 F500 I2,4,Ara+3_500gen_770B,6,4,0.667,Ara+3,non-mutator
A3 F1000 I1,4,Ara+3_1000gen_960A,6,4,0.667,Ara+3,non-mutator
A3 F1000 I2,4,Ara+3_1000gen_960A,6,4,0.667,Ara+3,non-mutator
A3 F1500 I1,6,Ara+3_1500gen_1064A,8,6,0.75,Ara+3,non-mutator
A3 F1500 I2,6,Ara+3_1500gen_1064B,8,6,0.75,Ara+3,non-mutator
A3 F2000 I1,8,Ara+3_2000gen_1160A,10,8,0.8,Ara+3,non-mutator
A3 F2000 I2,10,Ara+3_2000gen_1160B,12,10,0.833,Ara+3,non-mutator
A4 F500 I1,2,Ara+4_500gen_771A,4,2,0.5,Ara+4,non-mutator
A4 F500 I2,3,Ara+4_500gen_771B,5,3,0.6,Ara+4,non-mutator
A4 F1000 I1,2,Ara+4_1000gen_961A,4,2,0.5,Ara+4,non-mutator
A4 F1000 I2,4,Ara+4_1000gen_961B,6,4,0.667,Ara+4,non-mutator
A4 F1500 I1,7,Ara+4_1500gen_1065A,9,7,0.778,Ara+4,non-mutator
A4 F1500 I2,9,Ara+4_1500gen_1065B,11,9,0.818,Ara+4,non-mutator
A4 F2000 I1,6,Ara+4_2000gen_1161A,8,6,0.75,Ara+4,non-mutator
A4 F2000 I2,7,Ara+4_2000gen_1161B,9,7,0.778,Ara+4,non-mutator
A4 F5000 I1,12,Ara+4_5000gen_2176A,14,12,0.857,Ara+4,non-mutator
A4 F5000 I2,9,Ara+4_5000gen_2176B,11,9,0.818,Ara+4,non-mutator
A4 F10000 I1,22,Ara+4_10000gen_4533A,24,22,0.917,Ara+4,non-mutator
A4 F10000 I2,22,Ara+4_10000gen_4533A,24,22,0.917,Ara+4,non-mutator
A4 F15000 I1,27,Ara+4_15000gen_7186A,29,27,0.931,Ara+4,non-mutator
A4 F15000 I2,28,Ara+4_15000gen_7186B,30,28,0.933,Ara+4,non-mutator
A4 F20000 I1,40,Ara+4_20000gen_8603A,42,40,0.952,Ara+4,non-mutator
A4 F20000 I2,37,Ara+4_20000gen_8603B,39,37,0.949,Ara+4,non-mutator
A4 F30000 I1,43,Ara+4_30000gen_10414,45,43,0.956,Ara+4,non-mutator
A4 F30000 I2,42,Ara+4_30000gen_10415,44,42,0.955,Ara+4,non-mutator
A4 F40000 I1,54,Ara+4_40000gen_10956,56,54,0.964,Ara+4,non-mutator
A4 F40000 I2,54,Ara+4_40000gen_10957,56,54,0.964,Ara+4,non-mutator
A4 F50000 I1,69,Ara+4_50000gen_11348,71,69,0.972,Ara+4,non-mutator
A4 F50000 I2,69,Ara+4_50000gen_11349,71,69,0.972,Ara+4,non-mutator
A5 F500 I1,2,Ara+5_500gen_772A,4,2,0.5,Ara+5,non-mutator
A5 F500 I2,2,Ara+5_500gen_772B,4,2,0.5,Ara+5,non-mutator
A5 F1000 I1,6,Ara+5_1000gen_962A,8,6,0.75,Ara+5,non-mutator
A5 F1000 I2,3,Ara+5_1000gen_962B,5,3,0.6,Ara+5,non-mutator
A5 F1500 I1,5,Ara+5_1500gen_1066A,7,5,0.714,Ara+5,non-mutator
A5 F1500 I2,4,Ara+5_1500gen_1066B,6,4,0.667,Ara+5,non-mutator
A5 F2000 I1,7,Ara+5_2000gen_1162A,9,7,0.778,Ara+5,non-mutator
A5 F2000 I2,7,Ara+5_2000gen_1162B,9,7,0.778,Ara+5,non-mutator
A5 F5000 I1,15,Ara+5_5000gen_2177A,17,15,0.882,Ara+5,non-mutator
A5 F5000 I2,11,Ara+5_5000gen_2177B,13,11,0.846,Ara+5,non-mutator
A5 F10000 I1,20,Ara+5_10000gen_4534A,22,20,0.909,Ara+5,non-mutator
A5 F10000 I2,17,Ara+5_10000gen_4534B,19,17,0.895,Ara+5,non-mutator
A5 F15000 I1,30,Ara+5_15000gen_7187A,32,30,0.938,Ara+5,non-mutator
A5 F15000 I2,31,Ara+5_15000gen_7187B,33,31,0.939,Ara+5,non-mutator
A5 F20000 I1,33,Ara+5_20000gen_8604A,35,33,0.943,Ara+5,non-mutator
A5 F20000 I2,32,Ara+5_20000gen_8604B,34,32,0.941,Ara+5,non-mutator
A5 F30000 I1,50,Ara+5_30000gen_10432,52,50,0.962,Ara+5,non-mutator
A5 F30000 I2,51,Ara+5_30000gen_10433,53,51,0.962,Ara+5,non-mutator
A5 F40000 I1,66,Ara+5_40000gen_10982,68,66,0.971,Ara+5,non-mutator
A5 F40000 I2,69,Ara+5_40000gen_10983,71,69,0.972,Ara+5,non-mutator
A5 F50000 I1,79,Ara+5_50000gen_11367,81,79,0.975,Ara+5,non-mutator
A5 F50000 I2,81,Ara+5_50000gen_11368,83,81,0.976,Ara+5,non-mutator
A6 F500 I1,3,Ara+6_500gen_773A,5,3,0.6,Ara+6,non-mutator
A6 F500 I2,3,Ara+6_500gen_773B,5,3,0.6,Ara+6,non-mutator
A6 F1000 I1,4,Ara+6_1000gen_963A,6,4,0.667,Ara+6,non-mutator
A6 F1000 I2,3,Ara+6_1000gen_963B,5,3,0.6,Ara+6,non-mutator
A6 F1500 I1,4,Ara+6_1500gen_1067A,6,4,0.667,Ara+6,non-mutator
A6 F1500 I2,6,Ara+6_1500gen_1067B,8,6,0.75,Ara+6,non-mutator
A6 F2000 I1,5,Ara+6_2000gen_1163A,7,5,0.714,Ara+6,non-mutator
A6 F2000 I2,5,Ara+6_2000gen_1163A,7,5,0.714,Ara+6,non-mutator
A6 F5000 I1,8,Ara+6_5000gen_2178A,10,8,0.8,Ara+6,non-mutator
A6 F5000 I2,10,Ara+6_5000gen_2178B,12,10,0.833,Ara+6,non-mutator
