population,status,min,max,count
Ara+,non-mutator,0,0,1
Ara+1,IS-mutator,5000,50000,14
Ara+1,non-mutator,500,2000,8
Ara+2,non-mutator,500,50000,22
Ara+3,non-mutator,500,2000,8
Ara+3,point-mutator,5000,50000,14
Ara+4,non-mutator,500,50000,22
Ara+5,non-mutator,500,50000,22
Ara+6,non-mutator,500,5000,10
Ara+6,point-mutator,10000,50000,12
Ara-,non-mutator,0,0,1
Ara-1,non-mutator,500,20000,16
Ara-1,point-mutator,30000,50000,6
Ara-2,non-mutator,500,2000,8
Ara-2,point-mutator,5000,50000,14
Ara-4,non-mutator,500,5000,10
Ara-4,point-mutator,10000,50000,12
Ara-5,IS-mutator,30000,30000,1
Ara-5,non-mutator,500,50000,21
Ara-6,non-mutator,500,50000,22
