bnumber,glucose_fitness,category
b0002,-3.5460000000000003,essential
b0005,-0.28400000000000003,mean-effect
b0010,0.0365,mean-effect
b0014,-0.09799999999999999,mean-effect
b0018,0.172,mean-effect
b0019,0.101,mean-effect
b0040,-0.059500000000000004,mean-effect
b0074,-4.3195,essential
b0076,-0.3655,mean-effect
b0107,-0.1965,mean-effect
b0111,-0.1395,mean-effect
b0114,-2.6825,essential
b0117,0.07150000000000001,mean-effect
b0127,-0.11250000000000002,mean-effect
b0128,-0.01,mean-effect
b0139,0.0305,mean-effect
b0143,-0.372,mean-effect
b0160,0.119,mean-effect
b0167,-0.201,mean-effect
b0186,0.015000000000000003,mean-effect
b0189,-0.717,important
b0200,-2.582,essential
b0208,0.017000000000000008,mean-effect
b0228,0.21050000000000002,mean-effect
b0252,0.0945,mean-effect
b0283,0.045500000000000006,mean-effect
b0287,-0.027999999999999997,mean-effect
b0292,0.2045,mean-effect
b0297,0.047,mean-effect
b0300,-0.14100000000000001,mean-effect
b0315,0.0,mean-effect
b0317,-0.119,mean-effect
b0330,0.08399999999999999,mean-effect
b0338,0.0115,mean-effect
b0344,-0.0345,mean-effect
b0346,0.20900000000000002,mean-effect
b0382,0.36950000000000005,mean-effect
b0396,0.009499999999999998,mean-effect
b0400,-0.135,mean-effect
b0401,0.2685,mean-effect
b0402,0.1015,mean-effect
b0403,0.0275,mean-effect
b0405,-0.44,mean-effect
b0423,-0.4185,mean-effect
b0431,-0.2315,mean-effect
b0436,-0.36,mean-effect
b0438,-1.4895,important
b0439,-2.4715,essential
b0440,-0.0125,mean-effect
b0445,0.0745,mean-effect
b0473,0.14150000000000001,mean-effect
b0476,0.277,mean-effect
b0478,0.21550000000000002,mean-effect
b0497,0.0030000000000000027,mean-effect
b0503,0.249,mean-effect
b0513,0.0485,mean-effect
b0551,0.1235,mean-effect
b0555,0.1255,mean-effect
b0559,0.1495,mean-effect
b0560,0.20750000000000002,mean-effect
b0564,-0.5740000000000001,important
b0565,-0.0325,mean-effect
b0566,-0.035,mean-effect
b0567,-0.08549999999999999,mean-effect
b0568,-0.0945,mean-effect
b0569,0.0395,mean-effect
b0570,0.132,mean-effect
b0571,0.032,mean-effect
b0572,0.063,mean-effect
b0574,-0.062000000000000006,mean-effect
b0575,0.097,mean-effect
b0576,-0.137,mean-effect
b0577,0.0595,mean-effect
b0578,0.17300000000000001,mean-effect
b0579,-0.23099999999999998,mean-effect
b0580,-0.28700000000000003,mean-effect
b0581,0.04,mean-effect
b0583,-0.396,mean-effect
b0584,-0.5755,important
b0585,-1.9275000000000002,important
b0586,-0.0805,mean-effect
b0587,0.0815,mean-effect
b0629,0.101,mean-effect
b0636,0.22649999999999998,mean-effect
b0652,-0.019500000000000003,mean-effect
b0655,0.1405,mean-effect
b0674,0.1355,mean-effect
b0676,0.087,mean-effect
b0697,0.097,mean-effect
b0706,0.10550000000000001,mean-effect
b0713,-0.1885,mean-effect
b0716,-0.1365,mean-effect
b0720,-3.8155,essential
b0738,-1.4155,important
b0746,0.175,mean-effect
b0754,-0.4655,mean-effect
b0779,-0.128,mean-effect
b0798,-0.006500000000000006,mean-effect
b0807,-0.14850000000000002,mean-effect
b0812,-0.027499999999999997,mean-effect
b0826,0.34550000000000003,mean-effect
b0832,0.0265,mean-effect
b0833,-0.028,mean-effect
b0834,0.0255,mean-effect
b0840,-0.313,mean-effect
b0873,-0.0915,mean-effect
b0874,-0.047,mean-effect
b0876,-0.09,mean-effect
b0889,-2.269,essential
b0890,-1.7850000000000001,important
b0903,-0.2245,mean-effect
b0925,-0.033,mean-effect
b0958,0.10099999999999999,mean-effect
b0976,-0.168,mean-effect
b0978,0.0795,mean-effect
b0996,-0.099,mean-effect
b0997,-0.04,mean-effect
b1004,-0.146,mean-effect
b1006,-0.1295,mean-effect
b1014,0.1245,mean-effect
b1015,0.0625,mean-effect
b1018,0.11,mean-effect
b1019,0.264,mean-effect
b1020,-0.001,mean-effect
b1021,0.14200000000000002,mean-effect
b1022,0.014000000000000002,mean-effect
b1023,-0.0545,mean-effect
b1024,0.0655,mean-effect
b1025,-0.056,mean-effect
b1059,0.086,mean-effect
b1061,-0.0415,mean-effect
b1073,0.11349999999999999,mean-effect
b1084,-1.6475,important
b1090,-0.1345,mean-effect
b1095,0.28300000000000003,mean-effect
b1114,-0.133,mean-effect
b1188,-0.31599999999999995,mean-effect
b1198,0.062,mean-effect
b1225,-0.2235,mean-effect
b1238,-0.014499999999999999,mean-effect
b1246,0.0965,mean-effect
b1249,0.0025000000000000022,mean-effect
b1262,-2.8375,essential
b1286,-0.7555000000000001,important
b1290,-2.2795,essential
b1291,-1.642,important
b1292,-1.9135,important
b1293,-0.6559999999999999,important
b1294,0.1125,mean-effect
b1316,0.0305,mean-effect
b1329,0.14400000000000002,mean-effect
b1355,0.10400000000000001,mean-effect
b1363,-0.705,important
b1381,0.1845,mean-effect
b1410,-0.081,mean-effect
b1413,-0.10300000000000001,mean-effect
b1414,-0.145,mean-effect
b1415,0.14150000000000001,mean-effect
b1418,-0.1615,mean-effect
b1419,-0.0585,mean-effect
b1421,0.2095,mean-effect
b1422,0.2945,mean-effect
b1423,-0.1245,mean-effect
b1426,-0.199,mean-effect
b1427,0.3505,mean-effect
b1428,0.0335,mean-effect
b1429,-0.1985,mean-effect
b1430,0.1825,mean-effect
b1431,-0.40449999999999997,mean-effect
b1433,-0.1985,mean-effect
b1434,0.302,mean-effect
b1435,0.0595,mean-effect
b1454,-0.0615,mean-effect
b1461,-0.264,mean-effect
b1462,0.4455,mean-effect
b1463,-0.006,mean-effect
b1464,0.045500000000000006,mean-effect
b1465,0.10350000000000001,mean-effect
b1468,-0.1085,mean-effect
b1475,-0.057999999999999996,mean-effect
b1476,-0.20299999999999999,mean-effect
b1478,0.011000000000000003,mean-effect
b1479,0.0435,mean-effect
b1481,-0.0645,mean-effect
b1482,0.3055,mean-effect
b1488,-0.008999999999999994,mean-effect
b1490,-0.21450000000000002,mean-effect
b1491,-0.007500000000000003,mean-effect
b1493,0.019500000000000003,mean-effect
b1494,0.082,mean-effect
b1495,0.026500000000000003,mean-effect
b1496,0.0,mean-effect
b1520,-0.095,mean-effect
b1530,-0.024500000000000008,mean-effect
b1531,-0.201,mean-effect
b1533,0.10600000000000001,mean-effect
b1542,0.21499999999999997,mean-effect
b1550,0.0325,mean-effect
b1551,-0.542,important
b1553,0.4335,mean-effect
b1556,0.136,mean-effect
b1584,-0.059,mean-effect
b1601,0.17350000000000002,mean-effect
b1609,0.1485,mean-effect
b1640,0.182,mean-effect
b1645,0.0275,mean-effect
b1676,0.716,enhancing
b1697,-0.0475,mean-effect
b1726,0.133,mean-effect
b1730,-0.20700000000000002,mean-effect
b1744,-0.1335,mean-effect
b1745,0.1525,mean-effect
b1746,0.05499999999999999,mean-effect
b1752,0.21350000000000002,mean-effect
b1753,-0.379,mean-effect
b1754,0.3625,mean-effect
b1762,-0.118,mean-effect
b1774,0.042499999999999996,mean-effect
b1798,0.0,mean-effect
b1800,0.020999999999999998,mean-effect
b1804,-0.025,mean-effect
b1814,-0.1875,mean-effect
b1816,0.102,mean-effect
b1818,-0.2535,mean-effect
b1823,0.5740000000000001,enhancing
b1831,-0.3015,mean-effect
b1839,-0.07999999999999999,mean-effect
b1853,-0.003500000000000003,mean-effect
b1854,0.0505,mean-effect
b1868,-0.089,mean-effect
b1885,0.0135,mean-effect
b1968,-0.036000000000000004,mean-effect
b1969,0.027500000000000004,mean-effect
b1970,0.152,mean-effect
b1971,0.2745,mean-effect
b1972,0.0695,mean-effect
b1973,-0.046,mean-effect
b1974,-0.032999999999999995,mean-effect
b1978,0.0145,mean-effect
b1981,0.023,mean-effect
b1985,-0.08099999999999999,mean-effect
b1999,-0.15050000000000002,mean-effect
b2000,0.0775,mean-effect
b2001,-0.062,mean-effect
b2002,0.2375,mean-effect
b2003,0.027999999999999983,mean-effect
b2004,0.136,mean-effect
b2005,-0.0165,mean-effect
b2006,0.154,mean-effect
b2008,0.013000000000000012,mean-effect
b2012,0.34650000000000003,mean-effect
b2014,-0.078,mean-effect
b2039,0.019500000000000003,mean-effect
b2040,-0.07200000000000001,mean-effect
b2041,0.004000000000000001,mean-effect
b2042,0.136,mean-effect
b2043,0.013,mean-effect
b2044,0.2205,mean-effect
b2045,-0.0465,mean-effect
b2046,0.013999999999999999,mean-effect
b2047,0.23199999999999998,mean-effect
b2048,-0.029,mean-effect
b2070,0.0295,mean-effect
b2073,0.154,mean-effect
b2078,0.1395,mean-effect
b2079,0.061,mean-effect
b2080,0.006499999999999999,mean-effect
b2082,-0.181,mean-effect
b2083,0.22749999999999998,mean-effect
b2095,-0.0020000000000000018,mean-effect
b2096,-0.3215,mean-effect
b2097,-0.1215,mean-effect
b2098,0.051000000000000004,mean-effect
b2099,0.0615,mean-effect
b2100,-0.305,mean-effect
b2101,-0.1295,mean-effect
b2102,-0.0115,mean-effect
b2103,-0.597,important
b2104,0.06999999999999999,mean-effect
b2120,-0.012500000000000004,mean-effect
b2132,-0.006,mean-effect
b2155,0.14250000000000002,mean-effect
b2156,0.4245,mean-effect
b2157,0.036000000000000004,mean-effect
b2158,-0.038,mean-effect
b2159,0.006499999999999999,mean-effect
b2160,-0.0955,mean-effect
b2161,0.2125,mean-effect
b2162,0.0535,mean-effect
b2163,-0.1665,mean-effect
b2173,-0.0165,mean-effect
b2180,0.0325,mean-effect
b2201,0.403,mean-effect
b2204,0.192,mean-effect
b2206,-0.025500000000000002,mean-effect
b2215,-0.9685,important
b2218,-0.184,mean-effect
b2219,-0.009000000000000001,mean-effect
b2220,0.013,mean-effect
b2226,0.057499999999999996,mean-effect
b2240,0.087,mean-effect
b2259,0.225,mean-effect
b2261,0.0385,mean-effect
b2263,-0.22949999999999998,mean-effect
b2314,0.871,enhancing
b2320,-2.7415000000000003,essential
b2328,0.154,mean-effect
b2332,-0.037,mean-effect
b2333,-0.0465,mean-effect
b2334,-0.039,mean-effect
b2335,0.1175,mean-effect
b2336,-0.068,mean-effect
b2344,0.0735,mean-effect
b2347,0.05,mean-effect
b2380,-0.11050000000000001,mean-effect
b2437,-0.061500000000000006,mean-effect
b2440,-0.026999999999999996,mean-effect
b2452,-0.14750000000000002,mean-effect
b2463,0.20149999999999998,mean-effect
b2465,0.023,mean-effect
b2468,0.075,mean-effect
b2481,-0.1215,mean-effect
b2482,-0.023999999999999997,mean-effect
b2502,-0.0475,mean-effect
b2519,0.0855,mean-effect
b2520,0.0009999999999999992,mean-effect
b2534,-0.057999999999999996,mean-effect
b2540,-0.0175,mean-effect
b2542,0.1835,mean-effect
b2547,-0.098,mean-effect
b2557,-3.8970000000000002,essential
b2560,-0.006499999999999999,mean-effect
b2565,-0.1765,mean-effect
b2584,0.081,mean-effect
b2593,0.027499999999999997,mean-effect
b2603,0.0075000000000000015,mean-effect
b2669,-0.20600000000000002,mean-effect
b2675,0.002999999999999999,mean-effect
b2679,0.07250000000000001,mean-effect
b2682,-0.1575,mean-effect
b2704,0.1785,mean-effect
b2712,-0.010499999999999999,mean-effect
b2715,-0.0605,mean-effect
b2716,-0.14300000000000002,mean-effect
b2737,-0.0725,mean-effect
b2753,-0.011,mean-effect
b2762,-3.45,essential
b2784,-4.173,essential
b2789,-0.034999999999999996,mean-effect
b2790,-0.0755,mean-effect
b2791,0.0165,mean-effect
b2792,0.22449999999999998,mean-effect
b2793,-0.1235,mean-effect
b2794,-0.06949999999999999,mean-effect
b2795,0.148,mean-effect
b2796,0.11649999999999999,mean-effect
b2797,0.032,mean-effect
b2799,0.0505,mean-effect
b2800,-0.025,mean-effect
b2802,0.079,mean-effect
b2837,0.174,mean-effect
b2842,-0.07450000000000001,mean-effect
b2875,-0.1185,mean-effect
b2928,0.22150000000000003,mean-effect
b2968,-0.154,mean-effect
b2969,-0.009500000000000008,mean-effect
b2970,0.012,mean-effect
b2971,0.019500000000000003,mean-effect
b2972,0.0585,mean-effect
b2975,0.006999999999999999,mean-effect
b2976,-0.024999999999999998,mean-effect
b2977,0.059500000000000004,mean-effect
b2979,0.096,mean-effect
b2980,0.1205,mean-effect
b2981,-0.1335,mean-effect
b2983,-0.1255,mean-effect
b2984,0.029000000000000005,mean-effect
b2985,0.0815,mean-effect
b2986,0.078,mean-effect
b2987,-0.0635,mean-effect
b2988,-0.0285,mean-effect
b2989,-0.0595,mean-effect
b2990,0.4095,mean-effect
b2991,-0.1,mean-effect
b2992,0.19,mean-effect
b2993,0.036500000000000005,mean-effect
b2994,0.025500000000000002,mean-effect
b2995,-0.038000000000000006,mean-effect
b2996,-0.019,mean-effect
b2997,-0.032,mean-effect
b3009,0.125,mean-effect
b3010,-0.0955,mean-effect
b3014,0.17099999999999999,mean-effect
b3029,0.1875,mean-effect
b3035,-0.853,important
b3039,0.23299999999999998,mean-effect
b3048,-0.124,mean-effect
b3060,0.0345,mean-effect
b3073,-0.223,mean-effect
b3075,-0.042499999999999996,mean-effect
b3078,-0.0055,mean-effect
b3092,0.1845,mean-effect
b3100,-0.038000000000000006,mean-effect
b3125,-0.0445,mean-effect
b3154,0.08,mean-effect
b3169,-1.6105,important
b3173,0.026000000000000002,mean-effect
b3190,0.189,mean-effect
b3210,0.1605,mean-effect
b3212,-0.8634999999999999,important
b3213,-0.9245,important
b3220,-0.091,mean-effect
b3221,-0.014499999999999999,mean-effect
b3222,-0.0605,mean-effect
b3229,0.079,mean-effect
b3237,-1.1775,important
b3250,-0.75,important
b3261,0.434,mean-effect
b3262,-0.0625,mean-effect
b3266,0.010500000000000002,mean-effect
b3269,0.0050000000000000044,mean-effect
b3283,0.106,mean-effect
b3338,0.0655,mean-effect
b3341,0.2865,mean-effect
b3350,0.18,mean-effect
b3352,-0.0235,mean-effect
b3367,0.029,mean-effect
b3381,0.0495,mean-effect
b3383,-0.007,mean-effect
b3387,-0.0015000000000000013,mean-effect
b3404,-0.7785,important
b3405,-2.811,essential
b3407,-0.0455,mean-effect
b3408,0.21450000000000002,mean-effect
b3409,0.1975,mean-effect
b3418,0.0215,mean-effect
b3423,-0.33399999999999996,mean-effect
b3424,-0.0045000000000000005,mean-effect
b3425,-0.1005,mean-effect
b3429,-0.2415,mean-effect
b3430,0.039999999999999994,mean-effect
b3438,-0.152,mean-effect
b3447,-0.026,mean-effect
b3448,0.066,mean-effect
b3449,-0.043,mean-effect
b3457,-0.335,mean-effect
b3463,-0.8845000000000001,important
b3468,-0.095,mean-effect
b3469,-1.8455,important
b3474,0.0605,mean-effect
b3482,-0.0165,mean-effect
b3484,0.20400000000000001,mean-effect
b3493,-0.057,mean-effect
b3506,0.0245,mean-effect
b3522,0.03799999999999999,mean-effect
b3529,-0.119,mean-effect
b3578,-0.103,mean-effect
b3583,0.0925,mean-effect
b3584,0.05,mean-effect
b3585,-0.0095,mean-effect
b3586,0.0225,mean-effect
b3587,-0.1785,mean-effect
b3588,0.009000000000000001,mean-effect
b3589,-0.1045,mean-effect
b3590,0.0825,mean-effect
b3591,0.0715,mean-effect
b3592,-0.034499999999999996,mean-effect
b3593,-0.0935,mean-effect
b3600,-0.0045,mean-effect
b3609,-1.2325,important
b3613,-0.519,important
b3616,0.155,mean-effect
b3644,-0.368,mean-effect
b3650,-1.9889999999999999,important
b3653,0.0215,mean-effect
b3657,0.049,mean-effect
b3658,0.3955,mean-effect
b3660,0.0815,mean-effect
b3700,-0.05449999999999999,mean-effect
b3715,0.026000000000000002,mean-effect
b3723,0.0515,mean-effect
b3748,0.185,mean-effect
b3749,-0.08700000000000001,mean-effect
b3750,-0.011000000000000003,mean-effect
b3751,-0.0485,mean-effect
b3752,0.16849999999999998,mean-effect
b3753,0.5295000000000001,enhancing
b3755,-0.005000000000000001,mean-effect
b3765,-0.04,mean-effect
b3766,-0.1275,mean-effect
b3778,-0.22599999999999998,mean-effect
b3785,-0.0805,mean-effect
b3786,-0.359,mean-effect
b3803,-0.138,mean-effect
b3828,-3.969,essential
b3845,0.0565,mean-effect
b3849,-1.775,important
b3861,0.02,mean-effect
b3877,0.0605,mean-effect
b3879,0.10099999999999999,mean-effect
b3880,0.026000000000000002,mean-effect
b3894,0.0525,mean-effect
b3912,0.248,mean-effect
b3916,-2.939,essential
b3918,0.02,mean-effect
b3923,0.1145,mean-effect
b3927,0.0655,mean-effect
b3931,0.067,mean-effect
b3940,-0.34850000000000003,mean-effect
b3952,0.020499999999999997,mean-effect
b3954,-0.0915,mean-effect
b3956,-3.3685,essential
b3996,-0.179,mean-effect
b4003,-0.051000000000000004,mean-effect
b4014,0.1675,mean-effect
b4018,-0.5735,important
b4019,-0.0465,mean-effect
b4022,0.0165,mean-effect
b4034,-0.15,mean-effect
b4041,-0.239,mean-effect
b4058,-0.1925,mean-effect
b4065,0.001999999999999995,mean-effect
b4067,0.20750000000000002,mean-effect
b4074,0.148,mean-effect
b4078,0.223,mean-effect
b4079,0.009000000000000001,mean-effect
b4080,-0.1045,mean-effect
b4081,0.032,mean-effect
b4082,-0.019500000000000003,mean-effect
b4083,-0.0029999999999999996,mean-effect
b4084,-0.0405,mean-effect
b4085,-0.1185,mean-effect
b4086,0.1865,mean-effect
b4087,0.07250000000000001,mean-effect
b4088,0.006999999999999999,mean-effect
b4089,-0.0125,mean-effect
b4090,0.003999999999999997,mean-effect
b4092,-0.0985,mean-effect
b4093,0.098,mean-effect
b4094,0.1735,mean-effect
b4095,0.0725,mean-effect
b4096,0.29600000000000004,mean-effect
b4097,0.1925,mean-effect
b4098,-0.095,mean-effect
b4099,-0.086,mean-effect
b4100,0.1195,mean-effect
b4101,-0.3675,mean-effect
b4102,-0.246,mean-effect
b4105,0.079,mean-effect
b4106,-0.0335,mean-effect
b4107,-0.0455,mean-effect
b4108,-0.06899999999999999,mean-effect
b4109,-0.004,mean-effect
b4110,0.0605,mean-effect
b4111,0.023,mean-effect
b4112,0.0915,mean-effect
b4113,0.051,mean-effect
b4114,-0.038,mean-effect
b4116,0.0025000000000000022,mean-effect
b4117,0.0075,mean-effect
b4118,0.1065,mean-effect
b4119,0.009500000000000001,mean-effect
b4120,0.069,mean-effect
b4121,0.11599999999999999,mean-effect
b4122,0.0945,mean-effect
b4123,-0.009499999999999998,mean-effect
b4124,-0.003,mean-effect
b4125,0.11349999999999999,mean-effect
b4126,0.085,mean-effect
b4127,0.08,mean-effect
b4128,-0.327,mean-effect
b4129,0.023,mean-effect
b4152,0.34299999999999997,mean-effect
b4171,-4.1850000000000005,essential
b4172,0.405,mean-effect
b4174,0.2585,mean-effect
b4175,0.027,mean-effect
b4178,-0.5285,important
b4190,0.133,mean-effect
b4193,-0.011,mean-effect
b4208,-0.0775,mean-effect
b4214,-3.4255,essential
b4221,-0.068,mean-effect
b4230,-0.006500000000000001,mean-effect
b4233,-0.0010000000000000009,mean-effect
b4253,-0.5760000000000001,important
b4257,0.2975,mean-effect
b4268,0.014,mean-effect
b4294,0.08,mean-effect
b4300,-0.064,mean-effect
b4301,-0.042,mean-effect
b4302,-0.166,mean-effect
b4303,0.1055,mean-effect
b4304,-0.09,mean-effect
b4305,0.045,mean-effect
b4306,0.22699999999999998,mean-effect
b4307,0.2685,mean-effect
b4308,0.013000000000000001,mean-effect
b4309,-0.06999999999999999,mean-effect
b4310,-0.0175,mean-effect
b4311,-0.07250000000000001,mean-effect
b4312,0.027,mean-effect
b4314,0.177,mean-effect
b4321,0.08349999999999999,mean-effect
b4322,0.07300000000000001,mean-effect
b4327,0.0010000000000000009,mean-effect
b4328,-0.0235,mean-effect
b4329,0.0745,mean-effect
b4330,0.063,mean-effect
b4331,-0.0965,mean-effect
b4332,0.2695,mean-effect
b4333,-0.015000000000000001,mean-effect
b4334,0.119,mean-effect
b4335,-0.053000000000000005,mean-effect
b4336,0.197,mean-effect
b4337,-0.015,mean-effect
b4345,0.006000000000000005,mean-effect
b4346,0.0335,mean-effect
b4347,0.1465,mean-effect
b4348,-0.0745,mean-effect
b4349,0.08650000000000001,mean-effect
b4350,0.08449999999999999,mean-effect
b4351,-0.014499999999999999,mean-effect
b4352,0.082,mean-effect
b4353,0.01249999999999999,mean-effect
b4354,0.069,mean-effect
b4359,0.025,mean-effect
b4366,0.0745,mean-effect
b4378,-0.093,mean-effect
b4381,0.203,mean-effect
b4382,0.1615,mean-effect
b4390,-0.067,mean-effect
b4402,-0.332,mean-effect
b4409,0.0535,mean-effect
b4411,-0.057,mean-effect
b4415,0.1845,mean-effect
b4461,0.13,mean-effect
b4466,0.05550000000000001,mean-effect
b4467,0.109,mean-effect
b4468,0.145,mean-effect
b4469,-0.005000000000000001,mean-effect
b4473,0.0705,mean-effect
b4481,-0.6205,important
b4486,0.058499999999999996,mean-effect
b4487,-0.0935,mean-effect
b4493,-0.276,mean-effect
b4509,-0.093,mean-effect
b4511,0.103,mean-effect
b4546,0.4435,mean-effect
b4565,0.07150000000000001,mean-effect
b4576,-0.039999999999999994,mean-effect
b4578,-0.288,mean-effect
b4581,0.028999999999999998,mean-effect
