,TF,Positive Count,Negative Count,Positive PB,Negative PB,Real PB
34,CueR,2,0,0.500704534,0.0,0.500704534
56,FlhDC,28,0,0.2801499509,0.0,0.2801499509
140,PhoB,21,2,0.166104988,0.001588452,0.16451653600000002
205,YqhC,1,0,0.073448713,0.0,0.073448713
161,Rob,5,0,0.04998985,0.0,0.04998985
97,MalT,2,0,0.049632083,0.0,0.049632083
152,RbsR,3,0,0.041132726,0.0,0.041132726
184,SrsR,13,0,0.035396449,0.0,0.035396449
30,CsgD,2,1,0.036208714,0.019292095,0.016916619000000004
196,YdeO,6,0,0.015547755199999999,0.0,0.015547755199999999
202,YhaJ,5,0,0.014924877,0.0,0.014924877
114,ModE,1,3,0.049178026,0.034751349,0.014426676999999999
61,GadE,1,0,0.009308281,0.0,0.009308281
192,XylR,3,0,0.005664113829999999,0.0,0.005664113829999999
40,DcuR,1,0,0.001528345,0.0,0.001528345
154,RclR,3,0,0.001451372,0.0,0.001451372
153,RcdA,3,3,0.002569164,0.001345315,0.0012238490000000002
135,OxyS,0,0,0.0,0.0,0.0
137,PdeL,1,1,0.0,0.0,0.0
141,PlaR,0,1,0.0,0.0,0.0
134,OmrB,0,0,0.0,0.0,0.0
133,OmrA,0,0,0.0,0.0,0.0
129,NorR,2,1,0.0,0.0,0.0
144,PunR,1,0,0.0,0.0,0.0
128,NimR,0,2,0.0,0.0,0.0
146,PutA,0,0,0.0,0.0,0.0
127,NikR,0,0,0.0,0.0,0.0
126,NhaR,1,0,0.0,0.0,0.0
125,NfeR,0,1,0.0,0.0,0.0
121,NanR,0,2,0.0,0.0,0.0
124,NemR,0,0,0.0,0.0,0.0
123,NarP,0,0,0.0,0.0,0.0
95,LsrR,0,0,0.0,0.0,0.0
96,MalI,0,0,0.0,0.0,0.0
98,MarR,0,0,0.0,0.0,0.0
99,MatA,2,1,0.0,0.0,0.0
100,MazE,0,0,0.0,0.0,0.0
101,MazEF,0,0,0.0,0.0,0.0
102,McaS,0,0,0.0,0.0,0.0
103,MelR,0,0,0.0,0.0,0.0
105,MgrR,0,0,0.0,0.0,0.0
1,Ada,1,0,0.0,0.0,0.0
107,MicA,0,1,0.0,0.0,0.0
108,MicC,0,0,0.0,0.0,0.0
109,MicF,0,0,0.0,0.0,0.0
110,MicL-S,0,0,0.0,0.0,0.0
113,MntR,0,2,0.0,0.0,0.0
117,MraZ,0,0,0.0,0.0,0.0
118,MurR,0,0,0.0,0.0,0.0
148,PyrR,1,0,0.0,0.0,0.0
122,NarL,0,1,0.0,0.0,0.0
147,PuuR,0,2,0.0,0.0,0.0
0,AcrR,0,0,0.0,0.0,0.0
149,QseB,0,0,0.0,0.0,0.0
150,RacR,0,4,0.0,0.0,0.0
185,StpA,0,0,0.0,0.0,0.0
186,SutR,0,1,0.0,0.0,0.0
189,UhpA,0,0,0.0,0.0,0.0
190,UlaR,0,1,0.0,0.0,0.0
191,UxuR,0,0,0.0,0.0,0.0
194,YciT,0,0,0.0,0.0,0.0
195,YcjW,0,11,0.0,0.0,0.0
197,YdfH,0,0,0.0,0.0,0.0
198,YebK,0,1,0.0,0.0,0.0
199,YefM,0,0,0.0,0.0,0.0
200,YefMB,0,0,0.0,0.0,0.0
201,YgiV,0,1,0.0,0.0,0.0
203,YiaU,3,0,0.0,0.0,0.0
204,YjjQ,0,1,0.0,0.0,0.0
206,ZntR,0,0,0.0,0.0,0.0
207,Zur,0,2,0.0,0.0,0.0
208,carbon storage regulator,0,0,0.0,0.0,0.0
183,Spf,0,1,0.0,0.0,0.0
182,SgrS,0,0,0.0,0.0,0.0
179,SdsR,0,1,0.0,0.0,0.0
162,RplD,0,0,0.0,0.0,0.0
151,RalA,0,1,0.0,0.0,0.0
93,LldR,0,0,0.0,0.0,0.0
156,RcsAB,1,0,0.0,0.0,0.0
157,RcsB-BglJ,0,0,0.0,0.0,0.0
158,RelB,0,0,0.0,0.0,0.0
159,RelBE,0,0,0.0,0.0,0.0
160,RhaR,0,0,0.0,0.0,0.0
163,RplM,0,0,0.0,0.0,0.0
178,SdsN,0,0,0.0,0.0,0.0
166,RpmE,0,0,0.0,0.0,0.0
170,RpsO,0,0,0.0,0.0,0.0
171,RseX,0,0,0.0,0.0,0.0
172,RstA,0,0,0.0,0.0,0.0
174,RyhB,0,0,0.0,0.0,0.0
175,S6:S18 ribosomal subunit complex,0,0,0.0,0.0,0.0
177,SdiA,0,0,0.0,0.0,0.0
94,LrhA,0,0,0.0,0.0,0.0
106,MhpR,0,0,0.0,0.0,0.0
47,DksA,1,0,0.0,0.0,0.0
48,DpiA,6,0,0.0,0.0,0.0
39,Dan,2,0,0.0,0.0,0.0
41,DecR,2,0,0.0,0.0,0.0
42,DeoR,0,0,0.0,0.0,0.0
43,DgoR,0,0,0.0,0.0,0.0
45,DicF,0,0,0.0,0.0,0.0
46,DinJ-YafQ,0,0,0.0,0.0,0.0
91,LeuO,0,1,0.0,0.0,0.0
49,DsrA,0,0,0.0,0.0,0.0
63,GadW,0,0,0.0,0.0,0.0
50,EnvR,0,0,0.0,0.0,0.0
52,FabR,0,0,0.0,0.0,0.0
53,FeaR,1,0,0.0,0.0,0.0
54,FhlA,1,0,0.0,0.0,0.0
55,FimZ,1,0,0.0,0.0,0.0
57,FliZ,0,2,0.0,0.0,0.0
59,FrlR,0,0,0.0,0.0,0.0
37,CynR,2,0,0.0,0.0,0.0
35,CusR,0,0,0.0,0.0,0.0
33,CsrA,1,0,0.0,0.0,0.0
31,CspA,0,0,0.0,0.0,0.0
2,AdiY,0,0,0.0,0.0,0.0
4,AidB,0,0,0.0,0.0,0.0
9,ArrS,0,0,0.0,0.0,0.0
12,AtoC,0,0,0.0,0.0,0.0
13,BaeR,0,0,0.0,0.0,0.0
16,BluR,0,0,0.0,0.0,0.0
20,CadC,0,0,0.0,0.0,0.0
21,CaiF,4,0,0.0,0.0,0.0
22,Cbl,0,0,0.0,0.0,0.0
24,ChbR,0,0,0.0,0.0,0.0
25,ChiX,0,0,0.0,0.0,0.0
26,CitR,0,3,0.0,0.0,0.0
27,ComR,0,0,0.0,0.0,0.0
28,CpxQ,0,0,0.0,0.0,0.0
29,CreB,1,0,0.0,0.0,0.0
62,GadRcs,2,0,0.0,0.0,0.0
211,threonine&mdash;tRNA ligase,0,0,0.0,0.0,0.0
87,IstR-1,0,0,0.0,0.0,0.0
66,GalS,0,0,0.0,0.0,0.0
85,IclR,0,0,0.0,0.0,0.0
73,H-+NS,0,0,0.0,0.0,0.0
83,HipB,0,2,0.0,0.0,0.0
78,Hfq,0,0,0.0,0.0,0.0
72,GntR,0,0,0.0,0.0,0.0
88,KdgR,0,0,0.0,0.0,0.0
82,HipAB,0,0,0.0,0.0,0.0
69,GlcC,0,0,0.0,0.0,0.0
68,GcvB,0,0,0.0,0.0,0.0
84,HprR,0,0,0.0,0.0,0.0
67,GcvA,0,0,0.0,0.0,0.0
81,HigBA,0,0,0.0,0.0,0.0
76,HcaR,4,0,0.0,0.0,0.0
89,KdpE,3,0,0.0,0.0,0.0
80,HigA,0,0,0.0,0.0,0.0
90,LacI,0,0,0.0,0.0,0.0
77,HdfR,0,0,0.0,0.0,0.0
75,HU,0,0,0.0,0.0,0.0
10,ArsR,0,3,0.0,5.35933e-05,-5.35933e-05
51,ExuR,0,1,0.0,0.000212073,-0.000212073
131,NsrR,0,1,0.0,0.000260379,-0.000260379
6,AllR,0,7,0.0,0.00027362,-0.00027362
210,small heat shock protein IbpA,0,1,0.0,0.000542115,-0.000542115
167,RpoN,0,2,0.0,0.00055422,-0.00055422
116,MqsA,0,2,0.0,0.000836565,-0.000836565
136,PaaX,0,2,0.0,0.00090906,-0.00090906
181,SgrR,0,5,0.0,0.001108439,-0.001108439
32,CsqR,0,5,0.0,0.001339966,-0.001339966
142,PspF,2,1,0.0,0.001347029,-0.001347029
70,GlnZ,0,1,0.0,0.00138418,-0.00138418
143,PtrR,0,1,0.0,0.001412997,-0.001412997
3,AgaR,0,6,0.0,0.001447976,-0.001447976
187,TreR,0,2,0.0,0.001653528,-0.001653528
44,DicA,1,3,0.000510265,0.002471993,-0.0019617280000000003
193,XynR,0,5,0.0,0.002313584,-0.002313584
112,MngR,0,3,0.0,0.0028456809999999996,-0.0028456809999999996
23,CecR,1,5,0.002035133,0.004902445,-0.002867312
119,NadR,0,1,0.0,0.002974313,-0.002974313
65,GalR,0,1,0.0,0.003967222,-0.003967222
79,HicB,0,2,0.0,0.004787104,-0.004787104
130,NrdR,0,4,0.0,0.005007232,-0.005007232
7,AraC,1,4,0.0,0.0056787996,-0.0056787996
132,OmpR,8,6,0.0,0.006243559,-0.006243559
14,BetI,0,1,0.0,0.007498657,-0.007498657
19,C0293,0,1,0.0,0.008314843,-0.008314843
71,GlpR,0,2,0.0,0.01339624,-0.01339624
155,RcnR,0,3,0.0,0.017471923,-0.017471923
180,SelB-L-selenocysteinyl-tRNA<sup>sec</sup>,0,2,0.0,0.020748612,-0.020748612
176,SdhX,0,3,0.0,0.0217583279,-0.0217583279
188,TrpR,0,2,0.0,0.022701997,-0.022701997
139,PgrR,0,9,0.0,0.032250546,-0.032250546
11,AscG,0,1,0.0,0.034037518,-0.034037518
15,BirA,0,4,0.0,0.03961496799999999,-0.03961496799999999
115,MprA,0,3,0.0,0.040128574,-0.040128574
60,FrmR,0,3,0.0,0.044899275,-0.044899275
173,RybB,0,2,0.0,0.051539456,-0.051539456
58,FnrS,0,1,0.0,0.055391296,-0.055391296
120,NagC,0,4,0.0,0.066511788,-0.066511788
164,RplT,0,2,0.0,0.081040498,-0.081040498
64,GadX,1,5,0.0,0.084878733,-0.084878733
38,CytR,0,4,0.0,0.091723129,-0.091723129
138,PepA,0,1,0.0,0.097917082,-0.097917082
86,IscR,1,3,0.0,0.130674265,-0.130674265
74,H-NS,0,8,0.0,0.147536267,-0.147536267
209,ribonuclease E,0,1,0.0,0.166254597,-0.166254597
36,CyaR,0,1,0.0,0.200137733,-0.200137733
17,BolA,0,2,0.0,0.200856551,-0.200856551
5,AlaS,0,1,0.0,0.310434315,-0.310434315
165,RplY,0,1,0.0,0.357440077,-0.357440077
92,LexA,0,24,0.0,0.67570928607,-0.67570928607
18,BtsR,0,1,0.0,0.720594614,-0.720594614
104,MetJ,0,5,0.0,0.735253499,-0.735253499
8,ArgR,4,20,0.0009088029999999999,1.837948238,-1.837039435
168,RpsA,0,1,0.0,2.414541096,-2.414541096
111,Mlc,0,4,0.0,2.4623100489999996,-2.4623100489999996
145,PurR,0,15,0.0,4.092176358,-4.092176358
169,RpsH,0,12,0.0,4.415661088,-4.415661088
