bnum	cogs	func
b0154	COG0001	H
b3958	COG0002	E
b0451	COG0004	P
b2407	COG0005	F
b3847	COG0006	E
b2908	COG0006	E
b2385	COG0006	E
b3368	COG0007,COG1648	H
b2400	COG0008	J
b0680	COG0008	J
b0144	COG0008	J
b3282	COG0009	J
b1267	COG0009	J
b2937	COG0010	E
b1203	COG0012	J
b2697	COG0013	J
b0243	COG0014	E
b1131	COG0015	F
b1714	COG0016	J
b0930	COG0017	J
b1876	COG0018	J
b2838	COG0019	E
b0174	COG0020	I
b2935	COG0021	G
b2465	COG0021	G
b1282	COG0023	J
b0168	COG0024	J
b4065	COG0025	P
b0522	COG0026	F
b1849	COG0027	F
b0077	COG0028	E
b3671	COG0028	E
b2373	COG0028	E
b0871	COG0028	E
b2574	COG0029	H
b0051	COG0030	J
b2421	COG0031	E
b2414	COG0031	E
b0688	COG0033	G
b2312	COG0034	F
b2498	COG0035	F
b4301	COG0036	G
b4085	COG0036	G
b3386	COG0036	G
b1344	COG0037	J
b0188	COG0037	J
b2389	COG0038	P
b1592	COG0038	P
b0155	COG0038	P
b3236	COG0039	C
b2019	COG0040	E
b0523	COG0041	F
b4049	COG0042	J
b3260	COG0042	J
b2140	COG0042	J
b3843	COG0043	H
b2873	COG0044	F
b0512	COG0044	F
b0728	COG0045	C
b2557	COG0046,COG0047	F
b3342	COG0048	J
b3341	COG0049	J
b3980	COG0050	J
b3339	COG0050	J
b3321	COG0051	J
b0169	COG0052	J
b3915	COG0053	P
b0415	COG0054	H
b3732	COG0055	C
b3734	COG0056	C
b2927	COG0057	G
b1779	COG0057	G
b3417	COG0058	G
b3428	COG0058	G
b3774	COG0059,COG0059	E
b0026	COG0060	J
b2615	COG0061	H
b4167	COG0062,COG0063	F
b0072	COG0065	E
b0071	COG0066	E
b3212	COG0067,COG0069,COG0070	E
b2712	COG0068	O
b3687	COG0071	O
b3686	COG0071	O
b1713	COG0072,COG0073	J
b3074	COG0073	J
b2114	COG0073,COG0143	J
b0729	COG0074	C
b0518	COG0074	C
b0320	COG0074	C
b3517	COG0076	E
b1493	COG0076	E
b2599	COG0077,COG1605	E
b4254	COG0078,COG0078	E
b2870	COG0078	E
b2021	COG0079	E
b3983	COG0080	J
b3984	COG0081	J
b2329	COG0082	E
b0003	COG0083	E
b1100	COG0084	N
b4483	COG0084	N
b4378	COG0084	N
b3987	COG0085	K
b3988	COG0086	K
b3320	COG0087	J
b3319	COG0088	J
b3318	COG0089	J
b3317	COG0090	J
b3315	COG0091	J
b3314	COG0092	J
b3310	COG0093	J
b3308	COG0094	J
b4386	COG0095	H
b3306	COG0096	J
b3305	COG0097	J
b3303	COG0098	J
b3298	COG0099	J
b3297	COG0100	J
b2318	COG0101	J
b3231	COG0102	J
b3230	COG0103	J
b4177	COG0104	F
b2518	COG0105	F
b2024	COG0106	E
b2025	COG0107	E
b3041	COG0108	H
b0428	COG0109	H
b0342	COG0110	R
b0459	COG0110	R
b2033	COG0110	R
b2054	COG0110	R
b1033	COG0111	H
b2320	COG0111	H
b2913	COG0111	H
b2551	COG0112	E
b0369	COG0113	H
b1611	COG0114	C
b1096	COG0115	E
b3770	COG0115	E
b0948	COG0116,COG1092	J
b0414	COG0117,COG1985	H
b2023	COG0118	E
b0074	COG0119	E
b0352	COG0119	E
b2914	COG0120	G
b0223	COG0121	R
b2068	COG0122	L
b2514	COG0124	J
b1098	COG0125	F
b2984	COG0125	F
b2986	COG0125	F
b2926	COG0126	G
b2954	COG0127	F
b0908	COG0128	E
b0269	COG0129	G
b1851	COG0129	G
b4297	COG0129	G
b3771	COG0129	G
b3166	COG0130	J
b2022	COG0131,COG0241	E
b0778	COG0132	H
b1593	COG0132	H
b1261	COG0133	E
b1262	COG0134,COG0135	E
b2319	COG0136	E
b3433	COG0136	E
b3172	COG0137	E
b4006	COG0138	F
b2026	COG0139,COG0140	E
b2020	COG0141	E
b0421	COG0142	H
b3187	COG0142	H
b1835	COG0144,COG3270	J
b3289	COG0144,COG0781	J,K
b1264	COG0147	E
b1812	COG0147	E
b2779	COG0148	G
b3919	COG0149	G
b2499	COG0150	F
b4005	COG0151	F
b2476	COG0152	F
b0757	COG0153	G
b2763	COG0155	P
b0776	COG0156	H
b3617	COG0156	H
b0109	COG0157	H
b4232	COG0158	G
b1260	COG0159	E
b1302	COG0160	E
b2662	COG0160	E
b0774	COG0161	H
b1637	COG0162	J
b2311	COG0163	H
b0183	COG0164	L
b3960	COG0165	E
b4025	COG0166	G
b0945	COG0167	F
b2147	COG0167,COG1146	F
b2878	COG0167,COG0493,COG1145	F,E,C
b1363	COG0168	P
b3849	COG0168	P
b1692	COG0169	E
b3281	COG0169	E
b1740	COG0171	H
b0893	COG0172	J
b1866	COG0173	J
b1297	COG0174	E
b3870	COG0174	E
b2752	COG0175	E
b2762	COG0175	E
b0008	COG0176	G
b0825	COG0176	G
b2464	COG0176	G
b3946	COG0176	G
b1633	COG0177	L
b4058	COG0178	L
b1180	COG0179	Q
b3384	COG0180	J
b3805	COG0181	H
b1397	COG0183	I
b2224	COG0183	I
b2342	COG0183	I
b2844	COG0183	I
b3845	COG0183	I
b3165	COG0184	J
b3316	COG0185	J
b3311	COG0186	J
b3030	COG0187	L
b3699	COG0187	L
b2231	COG0188	L
b3019	COG0188	L
b0852	COG0189	J
b2947	COG0189	J
b0529	COG0190	H
b1773	COG0191	G
b2096	COG0191	G
b2925	COG0191	G
b3137	COG0191	G
b2942	COG0192	H
b1204	COG0193	J
b3648	COG0194	F
b3169	COG0195	K
b0025	COG0196	H
b3313	COG0197	J
b3309	COG0198	J
b3307	COG0199	J
b3301	COG0200	J
b3300	COG0201	U
b3295	COG0202	K
b3294	COG0203	J
b2836	COG0204,COG0318	I
b3018	COG0204	I
b3862	COG0204	I
b3916	COG0205	G
b0095	COG0206	D
b2827	COG0207	F
b2235	COG0208	F
b2676	COG0208	F
b2234	COG0209	F
b2675	COG0209	F
b3813	COG0210	L
b3778	COG0210	L
b3185	COG0211	J
b2912	COG0212	H
b4382	COG0213	F
b0526	COG0215	J
b1211	COG0216	J
b1864	COG0217	J
b1983	COG0217	J
b3865	COG0218	D
b3606	COG0219	J
b2960	COG0220	J
b4226	COG0221	C
b3986	COG0222	J
b2255	COG0223,COG0451	J,M
b3288	COG0223	J
b3733	COG0224	C
b4219	COG0225	O
b3728	COG0226	P
b3637	COG0227	J
b2609	COG0228	J
b1778	COG0229	O
b3703	COG0230	J
b2171	COG0231	J
b4147	COG0231	J
b0160	COG0232	F
b0172	COG0233	J
b4142	COG0234	O
b0061	COG0235	G
b2738	COG0235	G
b2800	COG0235	G
b3583	COG0235	G
b3902	COG0235	G
b4198	COG0235	G
b1094	COG0236	I
b0103	COG0237	H
b4202	COG0238	J
b0624	COG0239	D
b3608	COG0240	C
b0200	COG0241	E
b3287	COG0242	J
b0894	COG0243	C
b0997	COG0243	C
b1474	COG0243	C
b1501	COG0243	C
b1587	COG0243	C
b1588	COG0243	C
b1872	COG0243	C
b2206	COG0243	C
b3551	COG0243	C
b3894	COG0243	C
b3985	COG0244	J
b2746	COG0245	I
b1542	COG0246	G
b2172	COG0246	G
b3600	COG0246	G
b4323	COG0246	G
b1521	COG0246	G
b0306	COG0247	C
b1687	COG0247,COG0277	C
b2243	COG0247	C
b4467	COG0247	C
b2502	COG0248	T
b3779	COG0248	T
b2733	COG0249	L
b3842	COG0250	K
b3982	COG0250	K
b1010	COG0251	V
b1809	COG0251	V
b3113	COG0251	V
b4243	COG0251	V
b4248	COG0251	V
b1767	COG0252	J
b2957	COG0252	J
b3809	COG0253	E
b0296	COG0254	J
b3936	COG0254	J
b3312	COG0255	J
b3304	COG0256	J
b3299	COG0257	J
b4506	COG0257	J
b2798	COG0258	L
b3863	COG0258,COG0749	L
b1638	COG0259	H
b2523	COG0260	E
b4260	COG0260	E
b3186	COG0261	J
b0048	COG0262	H
b0242	COG0263	E
b0170	COG0264	J
b0161	COG0265	O
b3234	COG0265	O
b3235	COG0265	O
b0714	COG0266	L
b3635	COG0266	L
b3636	COG0267	J
b0023	COG0268	J
b3581	COG0269	G
b4196	COG0269	G
b1961	COG0270	L
b0435	COG0271	K
b2411	COG0272	L
b3647	COG0272	L
b4381	COG0274	F
b0082	COG0275	J
b0475	COG0276	H
b2133	COG0277	C
b2979	COG0277	C
b4463	COG0277	C
b4468	COG0277	C
b1654	COG0278	O
b0222	COG0279	G
b3149	COG0279	G
b2297	COG0280,COG0857	C,R
b2458	COG0280	C
b2463	COG0280,COG0281	C
b1479	COG0281	C
b2296	COG0282	C
b3115	COG0282	C
b0910	COG0283	F
b1281	COG0284	F
b2315	COG0285	H
b4349	COG0286	V
b2600	COG0287,COG1605	E
b0126	COG0288	P
b0339	COG0288	P
b0031	COG0289	E
b1718	COG0290	J
b1717	COG0291	J
b1716	COG0292	J
b3179	COG0293	J
b3177	COG0294	H
b2143	COG0295,COG0295	F
b3432	COG0296	G
b3429	COG0297	G
b2728	COG0298	O
b2990	COG0298	O
b2500	COG0299	F
b0493	COG0300	R
b0423	COG0301,COG0607	J,P
b2153	COG0302	H
b0827	COG0303	H
b1095	COG0304	I
b2323	COG0304	I
b4052	COG0305	L
b2987	COG0306	P
b3493	COG0306	P
b1662	COG0307	H
b0932	COG0308	E
b2730	COG0309	O
b3244	COG0312	R
b4235	COG0312	R
b3146	COG0313	J
b0785	COG0314	H
b0783	COG0315	H
b0156	COG0316	O
b1684	COG0316	O
b2528	COG0316	O
b3414	COG0316,COG0694	O
b2784	COG0317	K
b3650	COG0317	K
b0037	COG0318	I
b1701	COG0318	I
b1805	COG0318	I
b2260	COG0318	I
b0659	COG0319	J
b0628	COG0320	H
b0630	COG0321	H
b1741	COG0322	L
b1913	COG0322	L
b4170	COG0323	L
b4171	COG0324	J
b2951	COG0325	H
b0473	COG0326	O
b0710	COG0327	H
b0214	COG0328	L
b0268	COG0329	M
b2478	COG0329	M
b3225	COG0329	M
b4298	COG0329	M
b0489	COG0330	O
b4174	COG0330	O
b4175	COG0330	O
b1092	COG0331	I
b1091	COG0332	I
b1089	COG0333	J
b1761	COG0334	E
b2606	COG0335	J
b2607	COG0336	J
b3389	COG0337	E
b3387	COG0338	L
b1538	COG0339	O
b3498	COG0339	O
b3973	COG0340,COG1654	H,K
b0409	COG0341	U
b0408	COG0342	U
b0406	COG0343	J
b3059	COG0344	I
b0386	COG0345	E
b0187	COG0346	Q
b1651	COG0346	Q
b0450	COG0347	T
b2553	COG0347	T
b0992	COG0348	C
b2204	COG0348	C
b1804	COG0349	J
b1335	COG0350	L
b2213	COG0350,COG2169	L
b2103	COG0351	H
b3993	COG0352	H
b0472	COG0353	L
b2898	COG0354	O
b3731	COG0355	C
b3738	COG0356	C
b3740	COG0357	J
b3066	COG0358	L
b4203	COG0359	J
b4200	COG0360	J
b0884	COG0361	J
b2029	COG0362	G
b0678	COG0363	G
b3141	COG0363	G
b3718	COG0363	G
b1852	COG0364	G
b0335	COG0365	I
b4069	COG0365	I
b0403	COG0366	G
b1309	COG0366	G
b1927	COG0366	G
b3571	COG0366	G
b4239	COG0366	G
b0674	COG0367	E
b1992	COG0368	H
b2764	COG0369	F
b3409	COG0370	P
b0599	COG0371	C
b3945	COG0371	C
b0333	COG0372	C
b0720	COG0372	C
b1210	COG0373	H
b0973	COG0374	C
b2994	COG0374	C
b2726	COG0375	O
b2991	COG0375	O
b3942	COG0376	P
b2287	COG0377	C
b2727	COG0378	O
b0750	COG0379	H
b1896	COG0380	G
b3786	COG0381	M
b4040	COG0382	H
b0732	COG0383	G
b1464	COG0384	R
b2410	COG0385	R
b1710	COG0386	V
b1216	COG0387	P
b0219	COG0388	V
b1843	COG0388	V
b0231	COG0389	L
b1184	COG0389	L
b0491	COG0390	P
b0780	COG0391	G
b0788	COG0392	M
b0866	COG0393	S
b0982	COG0394	T
b2061	COG0394	T
b1312	COG0395	G
b3451	COG0395	G
b1682	COG0396	O
b1706	COG0397	O
b1750	COG0398	S
b1752	COG0398	S
b2253	COG0399	M
b3791	COG0399	M
b2473	COG0400	R
b2666	COG0401	C
b0324	COG0402	F
b0337	COG0402	F
b2879	COG0402	F
b2883	COG0402	F
b2903	COG0403,COG1003	E
b2905	COG0404	E
b3447	COG0405	E
b0638	COG0406	G
b4395	COG0406	G
b3997	COG0407	H
b2436	COG0408	H
b2729	COG0409	O
b3454	COG0410	E
b3455	COG0411	E
b3830	COG0412	Q
b0134	COG0413	H
b0133	COG0414	H
b0708	COG0415	L
b1090	COG0416	I
b0060	COG0417	L
b1062	COG0418	F
b0397	COG0419	L
b0398	COG0420	L
b0121	COG0421	E
b3994	COG0422	H
b1087	COG0424	Q
b3248	COG0424	Q
b1930	COG0425	J
b2012	COG0425	J
b3470	COG0425	J
b2710	COG0426,COG1773	C,P
b2920	COG0427	C
b3040	COG0428	P
b3353	COG0429	R
b4475	COG0430	A
b0937	COG0431	C
b3713	COG0431	C
b4056	COG0432	H
b4263	COG0433	L
b4303	COG0434	M
b3102	COG0435	C
b0600	COG0436	E
b2290	COG0436	E
b2379	COG0436	E
b0895	COG0437	C
b1475	COG0437	C
b1589	COG0437	C
b1671	COG0437	C
b1674	COG0437	C
b2205	COG0437	C
b2996	COG0437	C
b3893	COG0437	C
b4072	COG0437	C
b2032	COG0438	M
b2044	COG0438	M
b2050	COG0438	M
b2057	COG0438	M
b3628	COG0438	M
b3631	COG0438	M
b3256	COG0439	I
b0078	COG0440	E
b3670	COG0440	E
b1719	COG0441	J
b0194	COG0442	J
b0014	COG0443	O
b0650	COG0443	O
b2069	COG0443	O
b2526	COG0443	O
b1247	COG0444	E
b1484	COG0444	E
b3479	COG0444	E
b3541	COG0444	E
b1246	COG0444	E
b3741	COG0445	J
b2542	COG0446	I
b2262	COG0447	H
b3430	COG0448	G
b3729	COG0449	M
b0605	COG0450	V
b0868	COG0451	M
b2016	COG0451	M
b2052	COG0451	M
b3619	COG0451	M
b3639	COG0452	H
b0234	COG0456	J
b2434	COG0456	J
b3550	COG0456	J
b4012	COG0456	J
b4373	COG0456	J
b0033	COG0458,COG0458	E
b4143	COG0459	O
b0002	COG0460,COG0527	E
b3940	COG0460,COG0527	E
b3642	COG0461	F
b1207	COG0462	F
b2055	COG0463	M
b2059	COG0463	M
b2254	COG0463	M
b2351	COG0463	M
b3615	COG0463	M
b3178	COG0465	O
b0439	COG0466	O
b2699	COG0468	L
b1676	COG0469	G
b1854	COG0469	G
b1099	COG0470	L
b0612	COG0471	G
b0770	COG0471	G
b2292	COG0471	G
b3063	COG0471	G
b0087	COG0472	M
b3784	COG0472	M
b0073	COG0473	C
b1800	COG0473	C
b4242	COG0474	P
b0047	COG0475,COG1226	P
b3350	COG0475,COG1226	P
b0826	COG0476	H
b3992	COG0476	H
b0724	COG0479	C
b4153	COG0479	C
b3340	COG0480	J
b2569	COG0481	J
b1133	COG0482	J
b2533	COG0483	G
b0015	COG0484	O
b1000	COG0484	O
b3706	COG0486	J
b0820	COG0488	R
b0949	COG0488	R
b3352	COG0488	R
b4391	COG0488	R
b0981	COG0489,COG3206	D,M
b2060	COG0489,COG3206	D,M
b2113	COG0489	D
b0212	COG0491	R
b0927	COG0491	R
b0888	COG0492	O
b2146	COG0493	E
b2468	COG0493,COG1142	E,C
b2887	COG0493,COG1142	E,C
b3081	COG0493,COG1902	E,C
b3213	COG0493	E
b1865	COG0494	V
b2467	COG0494	V
b2830	COG0494	V
b3034	COG0494	V
b3397	COG0494	V
b0642	COG0495	J
b2744	COG0496	L
b4159	COG0497,COG3264	L,M
b2616	COG0497	L
b0004	COG0498	E
b0909	COG0501	O
b1829	COG0501	O
b2936	COG0501	O
b0775	COG0502	H
b0238	COG0503	F
b0469	COG0503	F
b2780	COG0504	F
b0032	COG0505	E
b1014	COG0506,COG3905,COG4230	E,K
b2819	COG0507	L
b0115	COG0508,COG0508,COG0508	C
b0727	COG0508	C
b2904	COG0509	E
b1106	COG0510	H
b2875	COG0511,COG1975	I,O
b3255	COG0511	I
b1263	COG0512,COG0547	E
b3360	COG0512	E
b0797	COG0513	L
b1343	COG0513	L
b2576	COG0513	L
b3162	COG0513	L
b3780	COG0513	L
b3822	COG0514	L
b0104	COG0516	F
b2508	COG0516,COG0516	F
b2708	COG0517,COG0794	T,M
b2507	COG0518,COG0519	F
b1680	COG0520	E
b2810	COG0520	E
b0009	COG0521	H
b0782	COG0521	H
b3296	COG0522	J
b2173	COG0523	R
b4352	COG0523	R
b0477	COG0524	G
b1772	COG0524	G
b2100	COG0524	G
b2160	COG0524,COG1522	G,K
b2166	COG0524	G
b3374	COG0524	G
b3526	COG0524	G
b3752	COG0524	G
b3883	COG0524	G
b4258	COG0525	J
b2195	COG0526	O
b4024	COG0527	E
b0171	COG0528	F
b2750	COG0529	P
b3196	COG0530	P
b0486	COG0531	E
b0692	COG0531	E
b0899	COG0531	E
b1296	COG0531	E
b1492	COG0531	E
b1605	COG0531	E
b2014	COG0531	E
b3370	COG0531	E
b4115	COG0531	E
b4132	COG0531	E
b4141	COG0531	E
b4156	COG0531	E
b3078	COG0531	E
b3168	COG0532,COG3064	J,M
b3064	COG0533	J
b1985	COG0534	V
b4044	COG0534	V
b1663	COG0534	V
b3183	COG0536	L
b1103	COG0537	F
b1136	COG0538	C
b0911	COG0539	J
b4245	COG0540	F
b2610	COG0541	U
b0882	COG0542	O
b2592	COG0542	O
b3844	COG0543	C
b0436	COG0544	O
b3347	COG0545	O
b4207	COG0545	O
b3385	COG0546	C
b0800	COG0547	E
b2818	COG0548,COG1246	E
b3959	COG0548	E
b0323	COG0549	E
b0521	COG0549	E
b2874	COG0549	E
b1274	COG0550,COG0551	L
b1763	COG0550	L
b3283	COG0551	L
b3464	COG0552	U
b0059	COG0553	K
b3926	COG0554	C
b2424	COG0555	P
b0779	COG0556	L
b4179	COG0557	K
b1408	COG0558	I
b1758	COG0558	I
b1912	COG0558	I
b3457	COG0559	E
b2560	COG0560	E
b4388	COG0560	E
b0446	COG0561	H
b0766	COG0561	H
b0822	COG0561	H
b0844	COG0561	H
b3697	COG0561	H
b3826	COG0561	H
b2036	COG0562	M
b0474	COG0563	F
b0058	COG0564	J
b1086	COG0564	J
b2594	COG0564	J
b2791	COG0564	J
b2532	COG0565	J
b4403	COG0565	J
b2581	COG0566	J
b3651	COG0566	J
b4180	COG0566	J
b0726	COG0567	C
b2741	COG0568	K
b3067	COG0568	K
b3461	COG0568	K
b1250	COG0569	T
b3290	COG0569,COG0569	T
b2567	COG0571	K
b2066	COG0572	F
b3727	COG0573	P
b1702	COG0574	G
b0175	COG0575	I
b2614	COG0576	O
b0879	COG0577,COG1136	V,M
b2241	COG0578	C
b3426	COG0578	C
b2210	COG0579	G
b2660	COG0579	G
b0875	COG0580	G
b3927	COG0580	G
b3726	COG0581	P
b1345	COG0582	L
b2349	COG0582	L
b2442	COG0582	L
b2622	COG0582	L
b0020	COG0583	K
b0076	COG0583	K
b0208	COG0583	K
b0254	COG0583	K
b0316	COG0583	K
b0338	COG0583	K
b0504	COG0583	K
b0603	COG0583	K
b0629	COG0583	K
b0768	COG0583	K
b0900	COG0583	K
b1275	COG0583	K
b1328	COG0583	K
b1339	COG0583	K
b1422	COG0583	K
b1526	COG0583	K
b1595	COG0583	K
b1659	COG0583	K
b1799	COG0583	K
b1987	COG0583	K
b1988	COG0583	K
b2015	COG0583	K
b2157	COG0583	K
b2289	COG0583	K
b2364	COG0583	K
b2405	COG0583	K
b2409	COG0583	K
b2537	COG0583	K
b2577	COG0583	K
b2808	COG0583	K
b2839	COG0583	K
b2916	COG0583	K
b2921	COG0583	K
b3060	COG0583	K
b3105	COG0583	K
b3118	COG0583	K
b3243	COG0583	K
b3521	COG0583	K
b3585	COG0583	K
b3711	COG0583	K
b3773	COG0583	K
b3828	COG0583	K
b3961	COG0583	K
b4327	COG0583	K
b0282	COG0583	K
b4480	COG0583	K
b2239	COG0584	I
b3449	COG0584	I
b2745	COG0585	J
b0065	COG0586	M
b2136	COG0586	M
b2317	COG0586	M
b3009	COG0586	M
b3095	COG0586	M
b0184	COG0587	L
b0755	COG0588	G
b0607	COG0589	T
b1333	COG0589,COG0589	T
b1376	COG0589	T
b1895	COG0589	T
b3495	COG0589	T
b3923	COG0589	T
b2559	COG0590	J
b1015	COG0591	E
b3701	COG0592	L
b2496	COG0593	L
b3702	COG0593	L
b3704	COG0594	J
b0349	COG0596	H
b0686	COG0596	H
b1009	COG0596	H
b2263	COG0596	H
b3412	COG0596	H
b0027	COG0597	M
b1342	COG0598	P
b3816	COG0598	P
b0367	COG0600	P
b0934	COG0600	P
b0831	COG0601	E
b1244	COG0601	E
b1486	COG0601	E
b3477	COG0601	E
b3543	COG0601	E
b2777	COG0602	H
b4237	COG0602	H
b0444	COG0603	J
b3253	COG0604	C
b4051	COG0604	C
b1656	COG0605	P
b3908	COG0605	P
b3765	COG0606	O
b1308	COG0607	P
b2668	COG0607	P
b3425	COG0607	P
b3611	COG0607	P
b2892	COG0608	L
b0153	COG0609,COG0609	P
b0590	COG0609	P
b4288	COG0609	P
b4289	COG0609	P
b0417	COG0611	H
b1494	COG0612,COG0612	R
b3527	COG0612	R
b1266	COG0613	F
b0152	COG0614	P
b0158	COG0614	P
b1272	COG0616	O
b1766	COG0616,COG0616	O
b0143	COG0617	J
b3056	COG0617	J
b3829	COG0620,COG0620	E
b0661	COG0621	J
b0835	COG0621	J
b2300	COG0622	R
b1288	COG0623	I
b0516	COG0624	E
b2472	COG0624	E
b2872	COG0624	E
b3957	COG0624	E
b0838	COG0625	O
b1454	COG0625	O
b1635	COG0625	O
b2301	COG0625	O
b2302	COG0625	O
b2989	COG0625	O
b3229	COG0625	O
b3592	COG0625	O
b3008	COG0626	E
b3939	COG0626	E
b0355	COG0627	V
b2154	COG0627	V
b1601	COG0628	R
b1688	COG0628	R
b2493	COG0628	R
b3474	COG0628	R
b4059	COG0629	L
b1861	COG0632	L
b0872	COG0633,COG1018	C
b0947	COG0633,COG3217	C,V
b1392	COG0633,COG1018	C
b1803	COG0633,COG1018	C
b2236	COG0633	C
b2525	COG0633	C
b0125	COG0634	F
b2955	COG0635	H
b3867	COG0635	H
b1317	COG0637	G
b1727	COG0637	G
b2293	COG0637	G
b2690	COG0637	G
b3715	COG0637	G
b0049	COG0639	T
b2667	COG0640	K
b3501	COG0640	K
b1497	COG0641	O
b3674	COG0641	O
b3800	COG0641	O
b0993	COG0642,COG0784,COG2198	T
b1129	COG0642	T
b1609	COG0642	T
b2216	COG0642,COG2198	T
b2218	COG0642,COG0784	T
b2370	COG0642,COG0784,COG0834,COG0834,COG2198	T
b2556	COG0642	T
b2786	COG0642,COG0784,COG2198,COG3850,COG4999	T
b3026	COG0642	T
b3404	COG0642	T
b3911	COG0642	T
b4003	COG0642	T
b4112	COG0642	T
b4399	COG0642	T
b3210	COG0642,COG0784,COG2198,COG2202	T
b1888	COG0643	T
b0043	COG0644	C
b1699	COG0644	C
b2766	COG0644	C
b3690	COG0644	C
b4019	COG0646,COG1410	E
b0675	COG0647	F
b2159	COG0648	L
b2286	COG0649,COG0852	C
b2483	COG0650	C
b2722	COG0650	C
b2482	COG0651	C
b2486	COG0651	C
b2723	COG0651	C
b0525	COG0652	O
b3363	COG0652	O
b0098	COG0653	U
b0347	COG0654	C
b0662	COG0654	C
b2906	COG0654	C
b2907	COG0654	C
b1004	COG0655	C
b0207	COG0656	Q
b1781	COG0656	Q
b3012	COG0656	Q
b0476	COG0657	I
b0913	COG0658,COG2333	U
b1206	COG0659	P
b3625	COG0661	T
b3835	COG0661	T
b1735	COG0662,COG2207	G,K
b2049	COG0662,COG0836	G,M
b0035	COG0663	R
b1400	COG0663	R
b3279	COG0663	R
b1334	COG0664	T
b2163	COG0664	T
b3357	COG0664	T
b1059	COG0665	E
b1189	COG0665	E
b1301	COG0665	E
b2324	COG0665,COG4121	E,J
b0318	COG0666	T
b0419	COG0667	H
b1406	COG0667	H
b1771	COG0667	H
b2834	COG0667	H
b3001	COG0667	H
b0577	COG0668	M
b0808	COG0668	M
b1330	COG0668	M
b2924	COG0668	M
b3634	COG0669	H
b0786	COG0670	P
b0787	COG0670	P
b0970	COG0670	P
b0841	COG0671	I
b1278	COG0671	I
b1411	COG0671,COG2453	I,T
b1068	COG0673	R
b1315	COG0673	R
b1624	COG0673	R
b3087	COG0673	R
b3440	COG0673	R
b4280	COG0673	R
b1378	COG0674,COG1013,COG1014,COG1143	C
b1432	COG0675	X
b1780	COG0676	G
b3787	COG0677	M
b2372	COG0679	R
b0975	COG0680	C
b2717	COG0680	C
b2993	COG0680	C
b2568	COG0681,COG4959	U
b2828	COG0682	M
b3458	COG0683	E
b3460	COG0683	E
b3929	COG0684	J
b3941	COG0685	E
b0854	COG0687	E
b1123	COG0687	E
b1440	COG0687	E
b4160	COG0688	I
b3643	COG0689	J
b3981	COG0690	U
b2620	COG0691	O
b2580	COG0692	L
b0424	COG0693	V
b1967	COG0693	V
b3153	COG0693	V
b0849	COG0695	O
b2673	COG0695	O
b3610	COG0695	O
b3612	COG0696	G
b1473	COG0697	G
b1533	COG0697	G
b1959	COG0697	G
b3184	COG0697	G
b3660	COG0697	G
b3827	COG0697	G
b3943	COG0697	G
b4210	COG0697	G
b4090	COG0698	G
b4329	COG0700	S
b3151	COG0701	S
b0869	COG0702	R
b3152	COG0702	R
b4211	COG0702	R
b0388	COG0703	E
b3390	COG0703	E
b3724	COG0704	P
b3424	COG0705	O
b3705	COG0706	M
b0090	COG0707	M
b1749	COG0708	L
b1764	COG0709	E
b1693	COG0710	E
b3736	COG0711	C
b4350	COG0711,COG4096	C,V
b3735	COG0712	C
b2279	COG0713	C
b2119	COG0714	R
b3746	COG0714	R
b0936	COG0715	P
b0684	COG0716	C
b2790	COG0716	C
b2895	COG0716	C
b3742	COG0716	C
b2065	COG0717	F
b0471	COG0718	K
b1681	COG0719	O
b1683	COG0719	O
b2765	COG0720	H
b0754	COG0722	E
b1704	COG0722	E
b2601	COG0722	E
b0763	COG0725	P
b0130	COG0726	M
b1023	COG0726	M
b2256	COG0726	M
b0288	COG0727	R
b1069	COG0728	M
b4220	COG0729	M
b2327	COG0730	P
b4348	COG0732	V
b0683	COG0735	P
b4046	COG0735	P
b2563	COG0736	I
b0480	COG0737	V
b4213	COG0737	V
b0845	COG0738	G
b2801	COG0738	G
b3364	COG0738	G
b1856	COG0739,COG3061	M,D
b2742	COG0739	M
b2865	COG0739	M
b0437	COG0740	O
b0211	COG0741,COG1388	M
b1193	COG0741	M
b2963	COG0741	M
b4392	COG0741	M
b3465	COG0742	J
b0173	COG0743	I
b0149	COG0744	M
b3208	COG0744	M
b0399	COG0745	K
b0571	COG0745	K
b0694	COG0745	K
b0995	COG0745	K
b1130	COG0745	K
b1608	COG0745	K
b1969	COG0745	K
b2079	COG0745	K
b3025	COG0745	K
b3405	COG0745	K
b3912	COG0745	K
b4113	COG0745	K
b4398	COG0745	K
b4401	COG0745	K
b3857	COG0746	H
b0830	COG0747	E
b1294	COG0747	E
b1487	COG0747	E
b3476	COG0747	E
b3544	COG0747	E
b0176	COG0750	K
b3559	COG0751	J
b3560	COG0752	J
b1732	COG0753	P
b2988	COG0754	E
b3038	COG0754	E
b4186	COG0754	E
b2199	COG0755	O
b3640	COG0756	V
b4473	COG0758	L
b4557	COG0759	M
b0053	COG0760	O
b0441	COG0760	O
b3775	COG0760	O
b0029	COG0761	I
b2952	COG0762,COG0762	O
b0182	COG0763	M
b0180	COG0764	I
b0954	COG0764	I
b0653	COG0765	E
b0654	COG0765	E
b0810	COG0765	E
b1918	COG0765	E
b3270	COG0765	E
b3189	COG0766	M
b3194	COG0767	M
b0084	COG0768	D
b0635	COG0768	D
b0085	COG0769	M
b0086	COG0770	M
b0088	COG0771	M
b0089	COG0772	D
b0634	COG0772	D
b0091	COG0773	M
b4233	COG0773	M
b0096	COG0774	M
b0159	COG0775	F
b1982	COG0775	F
b0440	COG0776	L
b0912	COG0776	L
b1712	COG0776	L
b4000	COG0776	L
b2316	COG0777	I
b0578	COG0778	C
b0851	COG0778	C
b1008	COG0778	C
b1765	COG0778	C
b3170	COG0779	J
b2794	COG0780,COG2904	J
b0416	COG0781	K
b0610	COG0782	K
b3181	COG0782	K
b3406	COG0782	K
b0812	COG0783	V
b1235	COG0784	T
b1882	COG0784	T
b3653	COG0786	E
b1190	COG0787	M
b4053	COG0787	M
b1232	COG0788	F
b0487	COG0789	K
b1162	COG0789	K
b2127	COG0789	K
b3292	COG0789	K
b4063	COG0789	K
b0644	COG0790	R
b0647	COG0790	R
b4078	COG0790	R
b0227	COG0791	M
b1655	COG0791	M
b1708	COG0791	M
b2175	COG0791	M
b3148	COG0792	L
b1830	COG0793	O
b3197	COG0794,COG2905	M,T
b4261	COG0795	M
b4262	COG0795	M
b3967	COG0796	M
b0633	COG0797,COG3087	M,D
b0637	COG0799	J
b1850	COG0800	G
b4477	COG0800	G
b0142	COG0801	H
b4168	COG0802	J
b3839	COG0805	U
b2608	COG0806	J
b1277	COG0807	H
b0405	COG0809	J
b1252	COG0810	M
b0737	COG0811	U
b3006	COG0811	U
b3972	COG0812	M
b4384	COG0813	F
b1907	COG0814	E
b2796	COG0814	E
b2845	COG0814	E
b3116	COG0814	E
b3161	COG0814	E
b3539	COG0814	E
b3709	COG0814	E
b3110	COG0814	E
b0657	COG0815	M
b2949	COG0816	J
b1863	COG0817	L
b4042	COG0818	I
b2517	COG0820	J
b2515	COG0821	I
b2529	COG0822	O
b0740	COG0823	U
b3689	COG0823	U
b0443	COG0824	I
b0736	COG0824	I
b0185	COG0825	I
b1435	COG0826	J
b2081	COG0826	J
b3158	COG0826	J
b3159	COG0826	J
b3065	COG0828	J
b0260	COG0833	E
b2156	COG0833	E
b0655	COG0834	T
b0811	COG0834	T
b0860	COG0834	T
b0863	COG0834	T
b1920	COG0834	T
b2309	COG0834	T
b2310	COG0834	T
b1887	COG0835	T
b2388	COG0837	G
b2288	COG0838	C
b2280	COG0839	C
b1421	COG0840	T
b1885	COG0840	T
b1886	COG0840	T
b3072	COG0840,COG2202	T
b4355	COG0840	T
b0462	COG0841	V
b2075	COG0841	V
b2076	COG0841	V
b2470	COG0841	V
b3266	COG0841	V
b3514	COG0841	V
b0128	COG0842	V
b0792	COG0842	V
b0793	COG0842	V
b3485	COG0842	V
b3486	COG0842,COG1131,COG1131	V
b0431	COG0843	C
b0463	COG0845	V
b0574	COG0845	V
b0878	COG0845	V
b2074	COG0845	V
b3265	COG0845	V
b3513	COG0845	V
b1120	COG0846	O
b0215	COG0847	L
b1652	COG0847	L
b1844	COG0847	L
b0738	COG0848	U
b3005	COG0848	U
b0094	COG0849	D
b1176	COG0850	D
b1174	COG0851	D
b0131	COG0853	H
b2564	COG0854	H
b2501	COG0855	P
b3167	COG0858	J
b3620	COG0859	M
b3621	COG0859	M
b3623	COG0859	M
b3632	COG0859	M
b2435	COG0860	M
b2817	COG0860	M
b4169	COG0860	M
b2832	COG0861	P
b3088	COG0861	P
b3262	COG0863	L
b3481	COG0864	K
b3665	COG1001	F
b2028	COG1004	M
b2282	COG1005	C
b2276	COG1007	C
b2277	COG1008	C
b2278	COG1009	C
b2484	COG1009	C
b3399	COG1011	H
b3812	COG1011	H
b3885	COG1011	H
b4374	COG1011	H
b0312	COG1012	I
b1241	COG1012,COG1454	I,C
b1300	COG1012	I
b1385	COG1012	I
b1387	COG1012,COG2030	I
b1415	COG1012	I
b1444	COG1012	I
b1525	COG1012	I
b1746	COG1012	I
b2455	COG1012	I
b2661	COG1012	I
b3588	COG1012	I
b3380	COG1015	G
b4383	COG1015	G
b2552	COG1017,COG1018	C
b3924	COG1018	C
b0586	COG1020,COG3319	Q
b0594	COG1021	Q
b0036	COG1024	I
b1393	COG1024	I
b1394	COG1024	I
b2341	COG1024,COG1250	I
b2919	COG1024	I
b3846	COG1024,COG1250,COG1250	I
b2821	COG1025	O
b4139	COG1027	E
b0596	COG1028	I
b1093	COG1028	I
b1271	COG1028	I
b1606	COG1028	I
b1619	COG1028	I
b2137	COG1028	I
b2426	COG1028	I
b2541	COG1028	I
b2705	COG1028	I
b2774	COG1028	I
b2842	COG1028	I
b2902	COG1028	I
b3003	COG1028	I
b4249	COG1028	I
b4266	COG1028	I
b4469	COG1032	R
b2283	COG1034	C
b3413	COG1040	R
b2584	COG1042,COG1670	C,J
b0181	COG1043	M
b0179	COG1044	M
b1428	COG1044	M
b2058	COG1045	E
b3607	COG1045	E
b0028	COG1047	O
b3349	COG1047	O
b0771	COG1048	C
b1276	COG1048	C
b0118	COG1049	C
b0099	COG1051	F
b1134	COG1051	F
b1759	COG1051	F
b2051	COG1051	F
b2251	COG1051	F
b1380	COG1052	C
b3553	COG1052	C
b0723	COG1053	C
b4154	COG1053	C
b1055	COG1054	J
b0818	COG1055	P
b3502	COG1055	P
b4390	COG1056,COG1396,COG3172	H,K
b0639	COG1057	H
b2249	COG1058	L
b3990	COG1060	H
b2184	COG1061	K
b0356	COG1062	C
b0608	COG1063	E
b1313	COG1063	E
b1580	COG1063	E
b1774	COG1063	E
b1776	COG1063	E
b2091	COG1063	E
b2545	COG1063	E
b3616	COG1063	E
b4267	COG1063	E
b4358	COG1063	E
b4465	COG1063	E
b0325	COG1064	G
b1478	COG1064	G
b4269	COG1064	G
b4389	COG1066	L
b0955	COG1067	O
b0063	COG1069	G
b1511	COG1070	G
b2776	COG1070	G
b2803	COG1070	G
b3564	COG1070	G
b3580	COG1070	G
b3904	COG1070	G
b2928	COG1072	H
b3974	COG1072	H
b1327	COG1073	T
b2534	COG1073	T
b4190	COG1073	T
b0962	COG1074	L
b2820	COG1074	L
b0055	COG1076	O
b2527	COG1076	O
b3251	COG1077	D
b1198	COG1080,COG1925,COG3412	G,T
b2383	COG1080,COG1762,COG1925	G,T
b2416	COG1080	G
b3947	COG1080,COG1762,COG1925	G,T
b1314	COG1082	G
b3873	COG1082	G
b4474	COG1082	G
b0758	COG1085	G
b2047	COG1086,COG2148	M
b0759	COG1087	M
b2041	COG1088	M
b3788	COG1088	M
b2053	COG1089	M
b2304	COG1090	R
b2040	COG1091	M
b0967	COG1092	J
b2530	COG1104	E
b1723	COG1105	G
b2168	COG1105	G
b1859	COG1108	P
b2048	COG1109	G
b3176	COG1109	G
b0112	COG1113	E
b0402	COG1113	E
b0576	COG1113	E
b1453	COG1113	E
b2663	COG1113	E
b4208	COG1113	E
b3795	COG1113	E
b0401	COG1114	E
b0007	COG1115	E
b0933	COG1116	P
b3725	COG1117	P
b2422	COG1118	P
b0760	COG1119,COG1119	P
b0151	COG1120	H
b0588	COG1120	H
b4287	COG1120	H
b1858	COG1121	P
b0829	COG1123	O
b1483	COG1123	O
b3480	COG1124	E
b2129	COG1125	E
b0652	COG1126	E
b0809	COG1126	E
b1917	COG1126	E
b3271	COG1126	E
b3195	COG1127	M
b1513	COG1129	G
b1900	COG1129	G
b2149	COG1129	G
b2547	COG1129	G
b3567	COG1129	G
b3749	COG1129	G
b4087	COG1129	G
b4485	COG1129	G
b0127	COG1131	V
b0794	COG1131,COG1131	V
b0448	COG1132	V
b0449	COG1132	V
b0914	COG1132	V
b0377	COG1133	V
b0199	COG1135	E
b1117	COG1136	M
b3201	COG1137	M
b2196	COG1138	O
b4074	COG1138	O
b0307	COG1139	C
b1225	COG1140	C
b1467	COG1140	C
b2481	COG1142	C
b2713	COG1142	C
b2724	COG1142	C
b2886	COG1142	C
b3573	COG1142	C
b2281	COG1143	C
b2488	COG1143	C
b2720	COG1143	C
b2208	COG1145,COG1149	C,R
b0873	COG1151	C
b0420	COG1154	H
b1941	COG1157	N
b3783	COG1158	K
b2566	COG1159	J
b2511	COG1160	J
b4161	COG1162	J
b2264	COG1165	H
b2938	COG1166	E
b1439	COG1167	K
b3376	COG1167	K
b4340	COG1167	K
b1622	COG1168	E
b0593	COG1169	H
b2265	COG1169	H
b2871	COG1171	E
b3117	COG1171	E
b3772	COG1171	E
b1514	COG1172	G
b1515	COG1172	G
b2546	COG1172	G
b3750	COG1172	G
b4086	COG1172	G
b4230	COG1172	G
b4231	COG1172	G
b4460	COG1172	G
b0832	COG1173	E
b1245	COG1173	E
b1485	COG1173	E
b3478	COG1173	E
b3542	COG1173	E
b2128	COG1174	E
b2130	COG1174	E
b1311	COG1175	G
b3452	COG1175	G
b4033	COG1175	G
b0856	COG1176	E
b1125	COG1176	E
b1442	COG1176	E
b0857	COG1177	E
b1124	COG1177	E
b1443	COG1177	E
b0067	COG1178	P
b2812	COG1179	J
b0824	COG1180	O
b0902	COG1180	O
b3952	COG1180	O
b4379	COG1180	O
b0092	COG1181	M
b0381	COG1181	M
b1412	COG1182	C
b3164	COG1185	J
b0191	COG1186	J
b2891	COG1186	J
b1135	COG1187	J
b1269	COG1187	J
b2183	COG1187	J
b4022	COG1187	J
b3400	COG1188	J
b2890	COG1190	J
b4129	COG1190	J
b1922	COG1191	K
b2961	COG1194	L
b3700	COG1195	L
b1114	COG1197	K
b3935	COG1198	L
b0799	COG1199	L
b1808	COG1199	L
b3652	COG1200	L
b1653	COG1201	L
b2761	COG1203	V
b2627	COG1204	L
b3730	COG1207	M
b2039	COG1209	M
b3789	COG1209	M
b1236	COG1210	M
b2042	COG1210	M
b2747	COG1211	I
b0918	COG1212	M
b1807	COG1214	J
b0363	COG1215	N
b0569	COG1215	N
b1022	COG1215	N
b3533	COG1215	N
b3871	COG1217	T
b4214	COG1218	P
b0438	COG1219	O
b3931	COG1220	O
b1303	COG1221	K
b2480	COG1225	O
b0478	COG1226,COG4651	P
b0752	COG1230	P
b2268	COG1234	J
b4092	COG1235	P
b2689	COG1238	S
b3211	COG1242	R
b1932	COG1246	E
b3888	COG1246,COG2050	E,Q
b4093	COG1246	E
b4256	COG1246	E
b1448	COG1247	E
b0116	COG1249	C
b0304	COG1249	C
b3500	COG1249	C
b3962	COG1249	C
b1395	COG1250,COG1250	I
b2711	COG1251	C
b3365	COG1251	C
b1109	COG1252	C
b1816	COG1253	R
b2063	COG1253	R
b4218	COG1253	R
b0968	COG1254	C
b1082	COG1256	N
b1072	COG1261	N
b0679	COG1263,COG1264,COG2190	G
b1101	COG1263,COG1264	G
b1621	COG1263,COG1264	G
b2429	COG1263,COG1264	G
b3722	COG1263,COG1264,COG2190	G
b4240	COG1263,COG1264	G
b3682	COG1263,COG1264	G
b3683	COG1263	G
b2715	COG1263,COG1264	G
b0418	COG1267	I
b0733	COG1271	C
b0978	COG1271	C
b2899	COG1272	U
b1429	COG1275	V
b1840	COG1276	P
b0623	COG1278	K
b0880	COG1278	K
b0989	COG1278	K
b0990	COG1278	K
b1552	COG1278	K
b1557	COG1278	K
b1558	COG1278	K
b1823	COG1278	K
b3556	COG1278	K
b2923	COG1279	E
b0328	COG1280	E
b1798	COG1280	E
b2578	COG1280	E
b3823	COG1280	E
b3824	COG1280	E
b3401	COG1281	O
b1602	COG1282	C
b4020	COG1283	P
b3508	COG1285	P
b2313	COG1286	M
b2298	COG1288	R
b0960	COG1289	S
b1645	COG1289	S
b2008	COG1289	S
b3240	COG1289	S
b3358	COG1289	S
b4081	COG1289	S
b1890	COG1291	N
b0040	COG1292	M
b0314	COG1292	M
b1801	COG1292	M
b0734	COG1294	C
b0979	COG1294	C
b3522	COG1295	S
b3886	COG1295	S
b2682	COG1296	E
b1879	COG1298	N
b0731	COG1299,COG1445,COG1762	G,T
b2167	COG1299,COG1445,COG3925	G,T
b2386	COG1299	G
b3899	COG1299,COG1445	G
b3949	COG1299	G
b3528	COG1301	C
b4077	COG1301	C
b3605	COG1304	C
b0313	COG1309	K
b0464	COG1309	K
b0796	COG1309	K
b1013	COG1309	K
b1111	COG1309	K
b1618	COG1309	K
b1649	COG1309	K
b3264	COG1309	K
b3641	COG1309	K
b3963	COG1309	K
b4135	COG1309	K
b4251	COG1309	K
b4322	COG1312	G
b3175	COG1314	U
b1940	COG1317	N
b0285	COG1319	C
b2867	COG1319	C
b2880	COG1319	C
b0817	COG1321	K
b3832	COG1322	L
b4137	COG1324	P
b0413	COG1327	K
b4238	COG1328	F
b2822	COG1330	L
b0897	COG1335	H
b1011	COG1335	H
b1768	COG1335	H
b1867	COG1335	H
b1948	COG1338	N
b1083	COG1344	N
b1923	COG1344	N
b1924	COG1345	N
b2142	COG1346	M
b0840	COG1349	K
b1284	COG1349	K
b1770	COG1349	K
b2707	COG1349	K
b2735	COG1349	K
b2805	COG1349	K
b3131	COG1349	K
b3884	COG1349	K
b4191	COG1349	K
b4300	COG1349	K
b1884	COG1352	T
b4066	COG1357	S
b1518	COG1359	C
b3029	COG1359	C
b1889	COG1360	N
b2384	COG1363	G
b3898	COG1363	G
b4305	COG1363	G
b4359	COG1368	M
b0819	COG1376	M
b1113	COG1376	M
b1678	COG1376	M
b1990	COG1376	M
b1880	COG1377	N
b2141	COG1380	R
b2565	COG1381	L
b2946	COG1385	J
b1034	COG1387	E
b3053	COG1391	O
b2471	COG1393	P
b2495	COG1393	P
b3503	COG1393	P
b2638	COG1393	P
b1299	COG1396,COG1917	K,R
b1434	COG1396	K
b1570	COG1396	K
b2099	COG1397	O
b1088	COG1399	J
b4346	COG1401	V
b0164	COG1408	R
b3032	COG1409	T
b3594	COG1413	R
b0272	COG1414	K
b0346	COG1414	K
b0506	COG1414	K
b1827	COG1414	K
b2248	COG1414	K
b3574	COG1414	K
b4018	COG1414	K
b4299	COG1414	K
b1962	COG1418	J
b2516	COG1426	D
b0920	COG1434	M
b1414	COG1434	M
b1238	COG1435	F
b3237	COG1438	K
b1738	COG1440	G
b2261	COG1441	H
b3626	COG1442	M
b3627	COG1442	M
b2299	COG1443	I
b2889	COG1443	I
b2474	COG1444	J
b2387	COG1445	G
b3950	COG1445	G
b3953	COG1445	G
b0828	COG1446	E
b1736	COG1447	G
b0928	COG1448	E
b4054	COG1448	E
b3325	COG1450	U
b3085	COG1451	R
b0054	COG1452	M
b2453	COG1454	C
b2799	COG1454	C
b3589	COG1454	C
b1737	COG1455	G
b0336	COG1457	F
b0106	COG1459	N
b3327	COG1459	N
b1037	COG1462	M
b3193	COG1463	M
b0197	COG1464	P
b3661	COG1464	P
b0640	COG1466	L
b1107	COG1472	G
b2132	COG1472	G
b1337	COG1473	R
b1338	COG1473	R
b0601	COG1475	D
b1365	COG1475	D
b1508	COG1476	K
b2214	COG1477	O
b1613	COG1482	G
b1360	COG1484	L
b4361	COG1484	L
b3232	COG1485	D
b1734	COG1486	G
b4119	COG1486	G
b3681	COG1486	G
b0931	COG1488	H
b0146	COG1489	T
b3887	COG1490	J
b2930	COG1494	G
b3925	COG1494	G
b1185	COG1495	O
b2593	COG1496	P
b3656	COG1501	G
b3878	COG1501	G
b0789	COG1502	I
b1046	COG1502	I
b1249	COG1502	I
b2585	COG1502	I
b0239	COG1506	E
b3202	COG1508	K
b4146	COG1509	E
b1121	COG1512	S
b2778	COG1512	S
b0340	COG1513	P
b0147	COG1514	J
b3998	COG1515	L
b1925	COG1516	N
b2755	COG1518	V
b3633	COG1519	M
b2512	COG1520	M
b0447	COG1522	K
b0889	COG1522	K
b3743	COG1522	K
b3431	COG1523	G
b3895	COG1526	C
b1902	COG1528	P
b1905	COG1528	P
b0284	COG1529	C
b2866	COG1529	C
b2881	COG1529,COG2080	C
b1084	COG1530	J
b3247	COG1530	J
b3180	COG1534	J
b0595	COG1535,COG3433	Q,I
b1939	COG1536	N
b0572	COG1538	M
b3035	COG1538	M
b4080	COG1538	M
b2303	COG1539	H
b3058	COG1539	H
b0713	COG1540	E
b1398	COG1541	H
b2597	COG1544	J
b3203	COG1544	J
b1537	COG1546	H
b2700	COG1546	H
b2696	COG1551	T
b1219	COG1553	P
b3345	COG1553	P
b1316	COG1554	G
b0442	COG1555	L
b0308	COG1556	C
b1074	COG1558	N
b1097	COG1559	M
b1054	COG1560	I
b1855	COG1560	I
b2378	COG1560	I
b3644	COG1561	J
b0795	COG1566	V
b1644	COG1566	V
b2368	COG1566	V
b2685	COG1566	V
b3241	COG1566	V
b3487	COG1566	V
b3586	COG1566	V
b3597	COG1566	V
b4082	COG1566	V
b2509	COG1570	L
b3930	COG1575	H
b0636	COG1576	J
b1944	COG1580	N
b0010	COG1584	C
b0488	COG1585	O
b0120	COG1586	E
b3804	COG1587	H
b0093	COG1589	D
b3578	COG1593	G
b2573	COG1595	K
b4293	COG1595	K
b0983	COG1596	M
b2062	COG1596	M
b2086	COG1597	I
b1438	COG1598	V
b4166	COG1600	J
b1253	COG1607	I
b0080	COG1609	K
b0345	COG1609	K
b1320	COG1609	K
b1620	COG1609	K
b1658	COG1609	K
b2151	COG1609	K
b2714	COG1609	K
b2837	COG1609	K
b3075	COG1609	K
b3569	COG1609,COG2207	K
b3753	COG1609	K
b3934	COG1609	K
b4241	COG1609	K
b4264	COG1609	K
b3438	COG1609	K
b2795	COG1611	F
b3917	COG1613	P
b1192	COG1619	M
b2975	COG1620	C
b3603	COG1620	C
b0432	COG1622	C
b1197	COG1626	G
b3519	COG1626	G
b0150	COG1629	P
b1451	COG1629	P
b3579	COG1638	G
b3416	COG1640	G
b0148	COG1643	J
b1413	COG1643	J
b1491	COG1649	S
b0604	COG1651	O
b2893	COG1651	O
b3860	COG1651	O
b2665	COG1652	P
b1310	COG1653	G
b3453	COG1653	G
b3205	COG1660	T
b0021	COG1662	X
b0264	COG1662	X
b0274	COG1662	X
b0988	COG1662	X
b1893	COG1662	X
b3445	COG1662	X
b4710	COG1662	X
b0915	COG1663	M
b0426	COG1666	T
b1066	COG1670	J
b1427	COG1670	J
b1584	COG1670	J
b3441	COG1670	J
b0387	COG1671	S
b0890	COG1674	D
b1937	COG1677	N
b2948	COG1678	K
b0376	COG1680	V
b2430	COG1680	V
b4150	COG1680	V
b1950	COG1684	N
b0632	COG1686	M
b0839	COG1686	M
b2010	COG1686	M
b2134	COG1686	M
b3421	COG1690	J
b3071	COG1695	K
b0660	COG1702	T
b1020	COG1702	T
b2918	COG1703	O
b1080	COG1706	N
b4351	COG1715	V
b0195	COG1720	J
b0422	COG1722	L
b4357	COG1725,COG1802	K
b0742	COG1729	D
b2131	COG1732	M
b4212	COG1733	K
b0145	COG1734	K
b0803	COG1734	K
b3379	COG1735	R
b1853	COG1737	K
b2427	COG1737	K
b2561	COG1737	K
b4089	COG1737	K
b3471	COG1738	J
b3848	COG1739	R
b0972	COG1740	C
b2997	COG1740	C
b3106	COG1741	R
b3439	COG1741	R
b1582	COG1742	R
b1076	COG1749	N
b1234	COG1752	R
b3649	COG1758	K
b1814	COG1760,COG1760	E
b2797	COG1760,COG1760	E
b4471	COG1760,COG1760	E
b2094	COG1762	T
b2934	COG1762	T
b3204	COG1762	T
b3897	COG1762,COG3711	T,K
b3900	COG1762	T
b4195	COG1762	T
b4302	COG1762	T
b3856	COG1763	H
b1482	COG1764	V
b3356	COG1765	R
b1938	COG1766	N
b0613	COG1767	H
b1845	COG1770	E
b4335	COG1775	E
b3198	COG1778	M
b2674	COG1780	F
b4244	COG1781	F
b0383	COG1785	P
b2221	COG1788	I
b3250	COG1792	D
b2840	COG1794	M
b1868	COG1801	R
b1450	COG1802	K
b1540	COG1802	K
b2664	COG1802	K
b0963	COG1803	G
b0038	COG1804	I
b2371	COG1804	I
b2374	COG1804	I
b1703	COG1806	T
b2257	COG1807	M
b2966	COG1811	S
b1073	COG1815	N
b1623	COG1816	F
b0677	COG1820	G
b4328	COG1820	G
b1729	COG1823	E
b2185	COG1825	J
b0627	COG1826	U
b3836	COG1826	U
b3838	COG1826	U
b1517	COG1830	G
b2097	COG1830	G
b0965	COG1832	R
b1612	COG1838,COG1951	C
b3062	COG1838	C
b4122	COG1838,COG1951	C
b3302	COG1841	J
b1304	COG1842	K
b4182	COG1842	K
b1075	COG1843	N
b0430	COG1845	C
b1530	COG1846	K
b1642	COG1846	K
b2684	COG1846	K
b1007	COG1853	C
b1462	COG1853	C
b2687	COG1854	T
b3518	COG1858	O
b4331	COG1859	J
b0407	COG1862	U
b3403	COG1866	C
b1945	COG1868	N
b3748	COG1869	G
b2953	COG1872	S
b1897	COG1877	G
b0994	COG1879	G
b1516	COG1879	G
b1901	COG1879	G
b2150	COG1879	G
b2548	COG1879	G
b3751	COG1879	G
b4088	COG1879	G
b4227	COG1879	G
b0545	COG1881	R
b0773	COG1881	R
b0823	COG1882	C
b0903	COG1882	C
b3951	COG1882	C
b3114	COG1882	C
b2917	COG1884,COG2185	I
b1946	COG1886	N
b0425	COG1893	H
b2284	COG1894	C
b2291	COG1896	F
b2361	COG1896	F
b4013	COG1897	E
b2038	COG1898	M
b1650	COG1902	C
b3092	COG1904	G
b2285	COG1905	C
b2392	COG1914	P
b1696	COG1917,COG2207	R,K
b3906	COG1917,COG2207	R,K
b3408	COG1918	P
b3591	COG1921	J
b3794	COG1922	M
b4172	COG1923	T
b4334	COG1924	I
b2169	COG1925,COG4668	T,G
b2415	COG1925	T
b3206	COG1925	T
b0514	COG1929	G
b3124	COG1929	G
b0907	COG1932	E
b3200	COG1934	M
b0357	COG1937	K
b2105	COG1937	K
b0394	COG1940	K
b0676	COG1940	K
b1119	COG1940	K
b1594	COG1940	K
b2550	COG1940	K
b3222	COG1940	K
b4084	COG1940	K
b1461	COG1942	Q
b0228	COG1943	X
b0905	COG1944	J
b0452	COG1946	I
b1208	COG1947	I
b4162	COG1949	A
b3061	COG1951	C
b3609	COG1952	U
b0511	COG1953	F
b2768	COG1954	K
b1832	COG1956	V
b0030	COG1957	F
b0651	COG1957	F
b2162	COG1957	F
b2531	COG1959	K
b4178	COG1959	K
b0039	COG1960	I
b0221	COG1960	I
b1695	COG1960	I
b4187	COG1960	I
b0278	COG1961	L
b0544	COG1961	L
b1158	COG1961	L
b1374	COG1961	L
b1545	COG1961	L
b3807	COG1965	P
b0598	COG1966	C
b4354	COG1966	C
b3057	COG1968	I
b0974	COG1969	C
b3291	COG1970	M
b1821	COG1971	P
b2161	COG1972	F
b2164	COG1972	F
b2393	COG1972	F
b1145	COG1974	K
b1183	COG1974	K
b4043	COG1974	K
b0283	COG1975	O
b0784	COG1977	H
b3011	COG1979	C
b0186	COG1982	E
b0693	COG1982	E
b2965	COG1982	E
b4117	COG1982	E
b4131	COG1982	E
b1306	COG1983	K
b0712	COG1984	E
b4394	COG1986	V
b1949	COG1987	N
b0527	COG1988	R
b1728	COG1988	R
b2972	COG1989	N
b3335	COG1989	N
b0052	COG1995	H
b0081	COG2001	J
b3129	COG2002	K
b0247	COG2003	L
b2002	COG2003	L
b2644	COG2003	L
b3638	COG2003	L
b0761	COG2005,COG3585	K,H
b0870	COG2008	E
b0721	COG2009	C
b0198	COG2011	E
b4083	COG2015	Q
b0756	COG2017	G
b2544	COG2017	G
b3879	COG2017	G
b3991	COG2022	H
b0042	COG2025	C
b1698	COG2025	C
b2769	COG2025	C
b1563	COG2026	V
b3182	COG2027	M
b2223	COG2031	I
b1646	COG2032	P
b1991	COG2038	H
b0261	COG2040	E
b1971	COG2041	C
b0711	COG2049	E
b0597	COG2050	Q
b1396	COG2050	Q
b1686	COG2050	Q
b3820	COG2050	Q
b0517	COG2055	C
b0801	COG2055	C
b3575	COG2055	C
b2222	COG2057	I
b0698	COG2060	P
b2340	COG2062	T
b1079	COG2063	N
b0485	COG2066	E
b1524	COG2066	E
b2344	COG2067	I
b2877	COG2068	H
b1298	COG2071	E
b0543	COG2076	V
b1599	COG2076	V
b1600	COG2076	V
b4148	COG2076	V
b1324	COG2077	O
b0334	COG2079	G
b0286	COG2080	C
b2868	COG2080	C
b3492	COG2081	R
b0509	COG2084	I
b2736	COG2084	I
b3125	COG2084	I
b3882	COG2084	I
b0041	COG2086	C
b1697	COG2086	C
b2770	COG2086	C
b1993	COG2087	H
b3475	COG2091	H
b3712	COG2091	H
b1242	COG2095	E
b1529	COG2095	E
b3434	COG2095	E
b2428	COG2103	M
b4407	COG2104	H
b4222	COG2105	E
b1270	COG2109	H
b1045	COG2110	J
b2679	COG2113	E
b3565	COG2115	G
b0904	COG2116	P
b2347	COG2116	P
b2492	COG2116	P
b3367	COG2116	P
b0364	COG2120	G
b0881	COG2127	O
b1287	COG2128,COG4950	P,S
b1753	COG2128	P
b1449	COG2130	Q
b0123	COG2132	D
b3017	COG2132	D
b0837	COG2133	G
b3918	COG2134	I
b1931	COG2135	L
b2698	COG2137	O
b0935	COG2141	H
b1012	COG2141	H
b3160	COG2141	H
b0722	COG2142	C
b2104	COG2145	H
b2540	COG2146	P
b3366	COG2146	P
b3676	COG2149	S
b1391	COG2151	O
b2267	COG2153	R
b0696	COG2156	P
b0062	COG2160	G
b0232	COG2161	V
b2017	COG2161	V
b1463	COG2162	Q
b2826	COG2165	N
b3328	COG2165	N
b3329	COG2165	N
b3330	COG2165	N
b1679	COG2166	O
b2811	COG2166	O
b3343	COG2168	J
b0581	COG2170	O
b0166	COG2171	E
b1488	COG2173	M
b0368	COG2175	Q
b3462	COG2177	D
b1226	COG2180	O
b1466	COG2180	O
b1227	COG2181	C
b1465	COG2181	C
b4034	COG2182	G
b3407	COG2183	K
b3361	COG2184	T
b0113	COG2186	K
b1187	COG2186	K
b2980	COG2186	K
b3094	COG2186	K
b3226	COG2186	K
b3604	COG2186	K
b4324	COG2186	K
b4479	COG2186	K
b3755	COG2186	K
b0730	COG2188	K
b2101	COG2188	K
b3375	COG2188	K
b3684	COG2188	K
b3872	COG2188	K
b4102	COG2188	K
b2417	COG2190	G
b3336	COG2193	P
b0815	COG2194	M
b3173	COG2194	M
b3546	COG2194	M
b3955	COG2194	M
b4114	COG2194	M
b0237	COG2195	E
b1127	COG2195	E
b0535	COG2197	K
b1040	COG2197	K
b1221	COG2197	K
b1914	COG2197	K
b1916	COG2197	K
b2193	COG2197	K
b2217	COG2197	K
b2369	COG2197	K
b3520	COG2197	K
b3669	COG2197	K
b4365	COG2197	K
b4366	COG2197	K
b0385	COG2199	T
b0834	COG2199	T
b1025	COG2199	T
b1341	COG2199,COG2202	T
b1489	COG2199,COG2200,COG2202	T
b1490	COG2199	T
b1522	COG2199	T
b1535	COG2199	T
b1785	COG2199	T
b1786	COG2199	T
b1794	COG2199,COG2203	T
b1956	COG2199	T
b2067	COG2199,COG2200,COG2202,COG3447	T
b2395	COG2199,COG2200	T
b2503	COG2199,COG2200	T
b2604	COG2199	T
b3252	COG2199,COG2200	T
b3529	COG2199,COG2200	T
b0315	COG2200,COG2771	T,K
b0833	COG2200	T
b1163	COG2200	T
b1168	COG2200	T
b1707	COG2200	T
b1815	COG2200	T
b2176	COG2200	T
b3525	COG2200	T
b1883	COG2201	T
b1285	COG2202,COG5001	T
b2220	COG2204	T
b2554	COG2204	T
b3868	COG2204	T
b4004	COG2204	T
b0695	COG2205	T
b1968	COG2205	T
b0064	COG2207	K
b0305	COG2207	K
b0546	COG2207	K
b0564	COG2207	K
b0566	COG2207	K
b1384	COG2207	K
b1499	COG2207	K
b1531	COG2207	K
b1790	COG2207	K
b2382	COG2207	K
b2437	COG2207	K
b3010	COG2207	K
b3515	COG2207	K
b3516	COG2207	K
b3680	COG2207	K
b3954	COG2207	K
b4062	COG2207	K
b4116	COG2207	K
b4118	COG2207	K
b4396	COG2207,COG3708	K
b0270	COG2211	G
b1616	COG2211	G
b1981	COG2211	G
b3657	COG2211	G
b3877	COG2211	G
b4120	COG2211	G
b3876	COG2211	G
b2933	COG2213	G
b3599	COG2213,COG4668	G
b2106	COG2215	P
b0697	COG2216	P
b0484	COG2217,COG2608	P
b3469	COG2217	P
b4192	COG2220	G
b3136	COG2222	M
b3371	COG2222	M
b0479	COG2223	P
b1223	COG2223	P
b1469	COG2223	P
b2775	COG2223	P
b3547	COG2223	P
b4015	COG2224	C
b2976	COG2225	C
b4014	COG2225	C
b0210	COG2226	H
b0213	COG2226	H
b0777	COG2226	H
b1822	COG2226	H
b1870	COG2226	H
b3833	COG2226	H
b0921	COG2227	H
b1137	COG2227	H
b1871	COG2227	H
b2232	COG2227	H
b1430	COG2230	I
b1661	COG2230	I
b4306	COG2230	I
b0513	COG2233	F
b1006	COG2233	F
b2497	COG2233	F
b2882	COG2233	F
b2888	COG2233	F
b3654	COG2233	F
b2271	COG2234	O
b2753	COG2234	O
b1636	COG2240	H
b2418	COG2240	H
b2037	COG2244	M
b2046	COG2244	M
b3792	COG2244	M
b2983	COG2244	M
b2350	COG2246	I
b0046	COG2249	R
b0901	COG2249	R
b3028	COG2249	R
b3351	COG2249	R
b3664	COG2252	F
b3714	COG2252	F
b4064	COG2252	F
b4464	COG2252	F
b1860	COG2255	L
b0892	COG2256	L
b3910	COG2258	V
b2543	COG2259	S
b3101	COG2259	S
b1195	COG2261	R
b1795	COG2261	R
b4173	COG2262	J
b3259	COG2264	J
b0859	COG2265	J
b2785	COG2265	J
b3965	COG2265	J
b1410	COG2267	I
b3825	COG2267	I
b3051	COG2268	S
b4155	COG2269	J
b1065	COG2270	R
b0045	COG2271	G
b1690	COG2271	G
b1691	COG2271	G
b1769	COG2271	G
b1775	COG2271	G
b2240	COG2271	G
b2246	COG2271	G
b2789	COG2271	G
b3093	COG2271	G
b3127	COG2271	G
b3666	COG2271	G
b3667	COG2271	G
b3691	COG2271	G
b3874	COG2271	G
b4356	COG2271	G
b1543	COG2271	G
b0616	COG2301	G
b0311	COG2303	I
b2270	COG2304	R
b2152	COG2311	S
b2165	COG2313	F
b0579	COG2315	K
b4057	COG2315	K
b2475	COG2321	R
b0906	COG2323	S
b2045	COG2327	M
b2197	COG2332	O
b3859	COG2334	T
b2783	COG2336	V
b4224	COG2336	V
b2782	COG2337	V
b4225	COG2337	V
b1251	COG2350	Q
b1970	COG2351	F
b3956	COG2352	C
b1056	COG2353	R
b1958	COG2354	L
b2945	COG2356	L
b0885	COG2360	O
b2807	COG2363	S
b1841	COG2372	P
b2520	COG2373	R
b3070	COG2375	P
b1199	COG2376	G
b1200	COG2376	G
b1640	COG2377	M
b2634	COG2378	K
b0585	COG2382	P
b3719	COG2382	P
b2200	COG2386	O
b4127	COG2388	R
b1512	COG2390	K
b4295	COG2390	K
b1929	COG2391	R
b2013	COG2391	R
b2802	COG2407	G
b1673	COG2414	C
b3745	COG2425	S
b0874	COG2431	E
b0044	COG2440	C
b1700	COG2440	C
b2767	COG2440	C
b0528	COG2501	J
b3744	COG2502	E
b0331	COG2513	G
b1919	COG2515	E
b2743	COG2518	O
b0503	COG2603	J
b0481	COG2606	J
b1787	COG2606	J
b0114	COG2609	C
b2365	COG2610	G
b2740	COG2610	G
b4265	COG2610	G
b4296	COG2610	G
b4321	COG2610	G
b3415	COG2610	G
b4476	COG2610	G
b4123	COG2704	G
b4138	COG2704	G
b0767	COG2706	G
b1789	COG2707	S
b2479	COG2716	E
b1972	COG2717	C
b1784	COG2718	R
b1188	COG2719	D
b3091	COG2721	G
b3128	COG2721	G
b2716	COG2723	G
b2901	COG2723	G
b3721	COG2723	G
b3077	COG2731	G
b3221	COG2731	G
b3576	COG2731	G
b4252	COG2731	G
b3239	COG2732	K
b4336	COG2733	S
b1071	COG2747	K
b0494	COG2755	D
b4107	COG2764	C
b1783	COG2766	T
b0294	COG2771	K
b1951	COG2771	K
b2846	COG2771	K
b3507	COG2771	K
b0267	COG2801	X
b0299	COG2801	X
b0361	COG2801	X
b0372	COG2801	X
b0541	COG2801	X
b1026	COG2801	X
b1402	COG2801	X
b1996	COG2801	X
b2089	COG2801	X
b2860	COG2801	X
b3045	COG2801	X
b3558	COG2801	X
b4273	COG2801	X
b0107	COG2804	N
b3326	COG2804	N
b2950	COG2805	N
b0341	COG2807	P
b1791	COG2807	P
b0470	COG2812	L
b3084	COG2813	J
b4371	COG2813	J
b0353	COG2814	G
b0396	COG2814	G
b0427	COG2814	G
b0842	COG2814	G
b0898	COG2814	G
b1053	COG2814	G
b1528	COG2814	G
b1534	COG2814	G
b1596	COG2814	G
b1657	COG2814	G
b1828	COG2814	G
b2077	COG2814	G
b2170	COG2814	G
b2182	COG2814	G
b2322	COG2814	G
b2367	COG2814	G
b2587	COG2814	G
b2686	COG2814	G
b2771	COG2814	G
b2841	COG2814	G
b2943	COG2814	G
b3224	COG2814	G
b3473	COG2814	G
b3659	COG2814	G
b3662	COG2814	G
b3673	COG2814	G
b3710	COG2814	G
b3754	COG2814	G
b4111	COG2814	G
b4279	COG2814	G
b4337	COG2814	G
b0070	COG2814	G
b1660	COG2814	G
b3996	COG2816	F
b3549	COG2818	L
b3831	COG2820	F
b2813	COG2821	M
b1018	COG2822	P
b3150	COG2823	M
b4376	COG2823	M
b4108	COG2824	R
b0178	COG2825	M
b0256	COG2826	X
b1404	COG2826	X
b4284	COG2826	X
b3155	COG2827	L
b0769	COG2828	C
b3821	COG2829	M
b0468	COG2832	S
b0891	COG2834	M
b0917	COG2835	J
b1019	COG2837	P
b2431	COG2837	P
b1340	COG2840	L
b2331	COG2840	L
b1426	COG2841	S
b0167	COG2844	T
b4209	COG2846	O
b1128	COG2850	J
b1289	COG2852	L
b2346	COG2853	M
b3192	COG2854	M
b2158	COG2855	S
b0157	COG2860	S
b3646	COG2860	S
b3614	COG2861	G
b3002	COG2862	S
b1476	COG2864	C
b3892	COG2864	C
b1326	COG2866	M
b2619	COG2867	J
b3052	COG2870	M
b1215	COG2877	M
b1628	COG2878	C
b4353	COG2879	S
b4512	COG2879	S
b1942	COG2882	N
b3463	COG2884	D
b0741	COG2885	M
b0957	COG2885,COG3637	M
b2605	COG2885	M
b3552	COG2885	M
b1212	COG2890	J
b2330	COG2890	J
b3249	COG2891	M
b0129	COG2893	G
b1817	COG2893,COG3444	G
b1175	COG2894	D
b2751	COG2895	P
b0781	COG2896	H
b1757	COG2897	P
b2521	COG2897	P
b3348	COG2900	S
b3261	COG2901	K
b3337	COG2906	P
b0524	COG2908	M
b3418	COG2909	K
b4221	COG2911	M
b1214	COG2912	T
b2617	COG2913	M
b2618	COG2914	V
b1132	COG2915	T
b1237	COG2916	K
b2669	COG2916	K
b1254	COG2917	D
b2688	COG2918	H
b2748	COG2919	D
b0969	COG2920	J
b0631	COG2921	T
b3284	COG2922	S
b3344	COG2923	J
b2962	COG2924	O
b2011	COG2925	L
b2007	COG2926	S
b4259	COG2927	L
b2806	COG2933	J
b4041	COG2937	I
b2897	COG2938	O
b3880	COG2942	G
b1049	COG2943	M
b3021	COG2944	K
b3555	COG2944	K
b2144	COG2949	M
b3086	COG2949	M
b2701	COG2951	M
b1280	COG2956	M
b3803	COG2959	R
b3042	COG2960	H
b3499	COG2961	J
b3819	COG2962	R
b0298	COG2963	X
b0360	COG2963	X
b0373	COG2963	X
b0540	COG2963	X
b1027	COG2963	X
b1403	COG2963	X
b2088	COG2963	X
b2861	COG2963	X
b3044	COG2963	X
b3557	COG2963	X
b4272	COG2963	X
b1997	COG2963	X
b3346	COG2964	K
b4201	COG2965	L
b4364	COG2966	S
b0050	COG2967	P
b2922	COG2968	S
b3228	COG2969	O
b4393	COG2973	K
b0393	COG2974	L
b2524	COG2975	O
b2513	COG2976	T
b0583	COG2977	Q
b1336	COG2978	H
b1846	COG2979	S
b0641	COG2980	M
b2413	COG2981	E
b2064	COG2982	M
b3524	COG2982	M
b1181	COG2983	R
b0847	COG2985	R
b3685	COG2985	R
b1744	COG2988	E
b0925	COG2989	M
b0877	COG2990	S
b1081	COG2992,COG3951	R,N
b3570	COG2992	R
b0950	COG2995	M
b1833	COG2995	M
b1064	COG2999	O
b1725	COG3001	G
b0019	COG3004	C
b0996	COG3005	C
b1873	COG3005	C
b2202	COG3005	C
b0922	COG3006	D
b0951	COG3008	M
b1834	COG3008,COG3008	M
b0952	COG3009	M
b3223	COG3010	G
b1233	COG3012	S
b2294	COG3013	S
b0192	COG3015	V
b1209	COG3017	M
b0209	COG3021	R
b0006	COG3022	L
b0110	COG3023	M
b0867	COG3023	M
b0101	COG3024	L
b3054	COG3025	P
b2571	COG3026	T
b2910	COG3027	D
b4234	COG3028	J
b4152	COG3029	C
b4140	COG3030	R
b3324	COG3031	U
b3708	COG3033	E
b0224	COG3034	M
b4550	COG3036	J
b4193	COG3037	G
b1057	COG3038	C
b1418	COG3038	C
b1974	COG3038	C
b0259	COG3039	X
b0552	COG3039	X
b0656	COG3039	X
b1331	COG3039	X
b1370	COG3039	X
b1994	COG3039	X
b2030	COG3039	X
b2192	COG3039	X
b2982	COG3039	X
b3218	COG3039	X
b3505	COG3039	X
b4711	COG3039	X
b4149	COG3040	M
b0225	COG3041	J
b1793	COG3042	R
b4529	COG3042	R
b2203	COG3043	C
b4397	COG3045	T
b1256	COG3047	M
b2366	COG3048	E
b4372	COG3050	L
b0615	COG3051	C
b0617	COG3052	C
b0618	COG3053	C
b4216	COG3054	R
b4310	COG3055	M
b0434	COG3056	S
b0687	COG3057	L
b3891	COG3058	O
b0301	COG3059	V
b3938	COG3060	K
b4206	COG3061	D
b2207	COG3062	O
b0739	COG3064	M
b1806	COG3065	M
b3506	COG3065	M
b2831	COG3066	L
b1186	COG3067	C
b3999	COG3068	S
b0621	COG3069	C
b3227	COG3069	C
b0959	COG3070	K
b3802	COG3071	S
b3806	COG3072	T
b2572	COG3073	T
b3928	COG3074	D
b2242	COG3075	E
b4255	COG3076	J
b0226	COG3077	V
b1564	COG3077	V
b3866	COG3078	J
b2909	COG3079	S
b4151	COG3080	C
b2186	COG3081	L
b2187	COG3082	S
b2188	COG3083	T
b3858	COG3084	S
b3764	COG3085	S
b2570	COG3086	T
b3933	COG3087	D
b4075	COG3088	O
b3354	COG3089	S
b3577	COG3090	G
b2944	COG3091	R
b2295	COG3092	S
b0483	COG3093	V
b1477	COG3093	V
b1213	COG3094	S
b0923	COG3095	D
b0924	COG3096	D
b2900	COG3097	S
b2792	COG3098	S
b1248	COG3099	S
b1179	COG3100	S
b2326	COG3101	J
b1875	COG3102	R
b3055	COG3103	R
b0709	COG3104	E
b1634	COG3104	E
b3496	COG3104	E
b4130	COG3104	E
b3233	COG3105	D
b1321	COG3106	T
b3147	COG3107	M
b0926	COG3108	S
b1831	COG3109	T
b0964	COG3110	S
b1536	COG3111	S
b3024	COG3111	S
b0119	COG3112	S
b3191	COG3113	M
b2198	COG3114	U
b2412	COG3115	D
b0083	COG3116	D
b3199	COG3117	M
b0492	COG3118	O
b2582	COG3118	O
b3781	COG3118	O
b3530	COG3118,COG5010	O,W
b1498	COG3119	P
b3678	COG3119	P
b3801	COG3119	P
b0956	COG3120	L
b0140	COG3121	W
b0531	COG3121	W
b0717	COG3121	W
b0939	COG3121	W
b0944	COG3121	W
b2110	COG3121	W
b2336	COG3121	W
b3047	COG3121	W
b3143	COG3121	W
b3215	COG3121	W
b4316	COG3121	W
b0354	COG3122	S
b0391	COG3123	F
b0404	COG3124	I
b0429	COG3125	C
b0453	COG3126	S
b0496	COG3127	Q
b0804	COG3128	R
b0807	COG3129	J
b0953	COG3130	J
b1048	COG3131	M
b1424	COG3131	M
b1067	COG3132	S
b2505	COG3133	M
b1641	COG3133	M
b1110	COG3134	S
b1433	COG3135	Q
b1607	COG3136	S
b1722	COG3137	M
b1747	COG3138	E
b1777	COG3139	S
b1811	COG3140	S
b1848	COG3141	L
b1874	COG3142	P
b1881	COG3143	T
b1943	COG3144	N
b2212	COG3145	L
b2314	COG3147	D
b2583	COG3148	J
b2968	COG3149	U
b3334	COG3149	U
b1108	COG3150	R
b3031	COG3150	R
b3033	COG3151	S
b3103	COG3152	S
b3104	COG3152	S
b3921	COG3152	S
b3156	COG3153	R
b4307	COG3153	R
b3157	COG3154	H
b3209	COG3155	V
b3332	COG3156	U
b3442	COG3157	U
b3747	COG3158	P
b3810	COG3159	S
b3995	COG3160	K
b4039	COG3161	H
b4068	COG3162	S
b4472	COG3164	M
b3834	COG3165	H
b3394	COG3166	N
b2959	COG3171	S
b0715	COG3180	R
b1159	COG3183	V
b1379	COG3187	O
b0139	COG3188	N
b0291	COG3188	N
b0532	COG3188	N
b0718	COG3188	N
b0940	COG3188	N
b2109	COG3188	N
b3144	COG3188	N
b3216	COG3188	N
b4317	COG3188	N
b1505	COG3188	N
b1792	COG3189	S
b1947	COG3190	N
b2452	COG3192	E
b2977	COG3193	T
b0505	COG3194	F
b3717	COG3196	R
b0751	COG3201	H
b0241	COG3203	M
b0929	COG3203	M
b1377	COG3203	M
b2215	COG3203	M
b1472	COG3203	M
b4333	COG3204	R
b0497	COG3209	R
b0700	COG3209	R
b3593	COG3209	R
b3482	COG3209	R
b0916	COG3214	L
b4105	COG3221	P
b4030	COG3223	R
b0846	COG3226	K
b1976	COG3228	T
b2229	COG3234	S
b0798	COG3236	V
b4045	COG3237	S
b1447	COG3238	S
b4176	COG3242	S
b3511	COG3247	R
b0411	COG3248	M
b0344	COG3250	G
b1617	COG3250	G
b3076	COG3250	G
b4511	COG3251	Q
b3901	COG3254	M
b0515	COG3257	F
b2489	COG3260	C
b2719	COG3260	C
b2487	COG3261,COG3262	C
b2721	COG3261,COG3262	C
b1191	COG3263	C
b0465	COG3264,COG4942	M,D
b3437	COG3265	G
b4268	COG3265	G
b3388	COG3266	D
b0707	COG3272	S
b3561	COG3274	M
b2126	COG3275	T
b2380	COG3275	T
b3590	COG3276	J
b2125	COG3279	K
b2381	COG3279	K
b1323	COG3283	K
b1201	COG3284	K
b1603	COG3288,COG3288	C
b0619	COG3290	T
b4125	COG3290	T
b3333	COG3297	U
b4073	COG3301	P
b0896	COG3302	C
b1590	COG3302	C
b4070	COG3303	P
b0961	COG3304	S
b3622	COG3307	M
b2624	COG3311	K
b4501	COG3311	K
b3739	COG3312	C
b1648	COG3313	R
b4330	COG3314	D
b2477	COG3317	M
b1908	COG3318	S
b1399	COG3327	K
b4021	COG3340	E
b0258	COG3344	X
b0998	COG3381	O
b1035	COG3381	O
b1591	COG3381	O
b4079	COG3383	R
b3039	COG3384	Q
b4278	COG3385	X
b1452	COG3391	R
b1733	COG3394	G
b2737	COG3395	G
b1388	COG3396	Q
b1390	COG3396	Q
b3531	COG3405	G
b3080	COG3408	G
b2093	COG3414	G
b4194	COG3414	G
b4565	COG3414	G
b1105	COG3417	M
b1070	COG3418	N
b2080	COG3422,COG3422	S
b3188	COG3423	K
b1973	COG3443	P
b3133	COG3444	G
b3138	COG3444	G
b2579	COG3445	H
b2009	COG3449	L
b3023	COG3449	L
b4095	COG3454	P
b3381	COG3457	E
b1389	COG3460	Q
b1202	COG3468	M
b1664	COG3468	M
b2233	COG3468	M
b2000	COG3468	M
b0287	COG3477	S
b0271	COG3507	G
b4326	COG3518	U
b4551	COG3529	R
b4546	COG3530	S
b0135	COG3539	N
b0136	COG3539	N
b0137	COG3539	N
b0138	COG3539	N
b0141	COG3539	N
b0530	COG3539	N
b0533	COG3539	N
b0534	COG3539	N
b0719	COG3539	N
b0938	COG3539	N
b0941	COG3539	N
b0942	COG3539	N
b0943	COG3539	N
b1503	COG3539	N
b1504	COG3539	N
b2111	COG3539	N
b2333	COG3539	N
b2334	COG3539	N
b2335	COG3539	N
b2339	COG3539	N
b3043	COG3539	N
b3142	COG3539	N
b3145	COG3539	N
b4314	COG3539	N
b4315	COG3539	N
b4318	COG3539	N
b4319	COG3539	N
b1507	COG3550	T
b4385	COG3550	T
b2121	COG3552	S
b0790	COG3568	R
b1598	COG3591	O
b4126	COG3592	S
b0876	COG3593	L
b0253	COG3596	R
b2632	COG3596	R
b2491	COG3604	K
b2709	COG3604	K
b2731	COG3604	K
b2829	COG3605	T
b4363	COG3610	S
b1797	COG3615	P
b0508	COG3622	G
b2739	COG3622	G
b3582	COG3623	G
b4197	COG3623	G
b4101	COG3624	P
b4100	COG3625	P
b4099	COG3626	P
b4098	COG3627	P
b3089	COG3633	E
b0606	COG3634	V
b0814	COG3637	M
b4106	COG3638	P
b4121	COG3647	S
b3068	COG3663	L
b0022	COG3677	X
b0265	COG3677	X
b0275	COG3677	X
b1894	COG3677	X
b3444	COG3677	X
b4294	COG3677	X
b4709	COG3677	X
b4516	COG3677	X
b1743	COG3678	O
b4002	COG3678	O
b4484	COG3678	O
b4470	COG3681	E
b3881	COG3684	G
b1257	COG3685	P
b1258	COG3685	P
b2343	COG3691	S
b3922	COG3691	S
b0454	COG3695	K
b0575	COG3696	P
b0614	COG3697	H
b4482	COG3698	S
b4055	COG3700	P
b1218	COG3703	P
b4094	COG3709	G
b2847	COG3710	K
b2852	COG3710	K
b4133	COG3710	K
b2535	COG3711	K
b3723	COG3711	K
b4292	COG3712	T
b1782	COG3713	M
b3584	COG3713	M
b3468	COG3714	S
b1818	COG3715	G
b3139	COG3715	G
b1819	COG3716	G
b3140	COG3716	G
b2843	COG3717	G
b0611	COG3719	J
b2929	COG3722	K
b3601	COG3722	K
b1349	COG3723	L
b1745	COG3724	E
b0111	COG3725	V
b4387	COG3726	S
b1960	COG3727	L
b4518	COG3729	R
b1259	COG3729	R
b2702	COG3730	G
b2704	COG3731	G
b2703	COG3732	G
b1386	COG3733,COG3733	Q
b3693	COG3734	G
b0482	COG3735	S
b3944	COG3738	S
b3698	COG3753	S
b1877	COG3755	S
b1359	COG3756	S
b2102	COG3757	M
b1742	COG3758	S
b0587	COG3765	M
b2027	COG3765	M
b3785	COG3765	M
b4184	COG3766	S
b1322	COG3768	S
b1955	COG3769	G
b2328	COG3770	M
b1279	COG3771	M
b0555	COG3772	M
b1554	COG3772	M
b4304	COG3775	G
b3466	COG3776	S
b1153	COG3778	X
b2071	COG3779	S
b1520	COG3781	P
b1383	COG3784	S
b0966	COG3785	O
b3154	COG3787	S
b1869	COG3788	S
b4181	COG3789	S
b0735	COG3790	S
b4566	COG3811	S
b0330	COG3829	K
b2869	COG3829	K
b2420	COG3831,COG4884	K,S
b2115	COG3831	K
b4032	COG3833	G
b0162	COG3835	K
b2245	COG3836	G
b3126	COG3836	G
b3450	COG3839	G
b4035	COG3839	G
b0066	COG3840	H
b0262	COG3842	E
b0855	COG3842	E
b1126	COG3842	E
b1441	COG3842	E
b1222	COG3850	T
b2469	COG3850	T
b3668	COG3851	T
b2219	COG3852	T
b3869	COG3852	T
b1639	COG3895	M
b0467	COG3923	L
b3257	COG3924	S
b3355	COG3954	G
b2781	COG3956	R
b0507	COG3960	Q
b0602	COG3969	R
b0350	COG3971	Q
b3572	COG3977	E
b3769	COG3978	E
b2595	COG4105	M
b1519	COG4106	C
b4097	COG4107	P
b4375	COG4108	J
b4367	COG4114	P
b4539	COG4115	V
b1670	COG4117	P
b2575	COG4123	J
b2201	COG4133	O
b1754	COG4134	R
b1755	COG4135	R
b1756	COG4136	R
b2611	COG4137	R
b1709	COG4138	H
b1711	COG4139	H
b0068	COG4143	H
b3258	COG4145	H
b3679	COG4146	R
b4067	COG4147	C
b0765	COG4148	P
b0764	COG4149	P
b2425	COG4150	P
b2804	COG4154	G
b0861	COG4160	E
b2307	COG4160	E
b0864	COG4161	E
b1243	COG4166	E
b1329	COG4166	E
b2177	COG4166	E
b3020	COG4166	E
b1290	COG4167	V
b1293	COG4168	V
b1291	COG4170	V
b1292	COG4171	V
b2180	COG4172	Q
b2178	COG4174	Q
b2677	COG4175	E
b2678	COG4176	E
b3456	COG4177	E
b1496	COG4178	R
b0495	COG4181	Q
b1357	COG4197	K
b3966	COG4206	H
b2423	COG4208	P
b2148	COG4211	G
b3566	COG4213	G
b3568	COG4214	G
b0862	COG4215	E
b2308	COG4215	E
b0560	COG4220	X
b1548	COG4220	X
b1539	COG4221	C
b4136	COG4232	O
b2194	COG4235	O
b4076	COG4235	O
b2485	COG4237	C
b1677	COG4238	M
b3014	COG4238	M
b2179	COG4239	Q
b2073	COG4245	S
b2070	COG4248	R
b1705	COG4256	H
b4345	COG4268	V
b4257	COG4269	S
b2440	COG4302	E
b2441	COG4303	E
b4400	COG4452	V
b0365	COG4521	P
b0366	COG4525	P
b1668	COG4529	R
b1857	COG4531	P
b0069	COG4533	K
b0445	COG4533	K
b0658	COG4535	P
b4461	COG4536	P
b0620	COG4565	K
b4124	COG4565	K
b0189	COG4568	K
b0351	COG4569	Q
b0550	COG4570	L
b0565	COG4571	M
b1217	COG4572	P
b2095	COG4573	G
b3132	COG4573	G
b2209	COG4574	O
b2266	COG4575	J
b2672	COG4575	J
b3098	COG4575	J
b2456	COG4576	C
b2438	COG4577	C
b2457	COG4577	C
b2706	COG4578	K
b4016	COG4579	T
b3720	COG4580	G
b4036	COG4580	G
b0102	COG4582	D
b1409	COG4589	R
b1116	COG4591	M
b1118	COG4591	M
b0592	COG4592	P
b4290	COG4594	P
b3269	COG4597	E
b2306	COG4598	E
b3540	COG4608	E
b2211	COG4615	P
b0490	COG4619	P
b2558	COG4623	T
b2647	COG4625	S
b1149	COG4626	X
b3850	COG4635	H
b1802	COG4638	P
b2538	COG4638	P
b3422	COG4650	K
b1629	COG4656	C
b1627	COG4657	C
b1630	COG4658	C
b1631	COG4659	C
b1632	COG4660	C
b4377	COG4667	I
b1694	COG4670	I
b2225	COG4676	S
b0772	COG4677	G
b3083	COG4680	J
b0190	COG4681	S
b3562	COG4682	S
b3563	COG4682	S
b2230	COG4685	S
b1151	COG4695	X
b0011	COG4735	S
b1115	COG4763	S
b2460	COG4766	E
b0584	COG4771	P
b1495	COG4771	P
b2155	COG4771	P
b4291	COG4772	P
b1102	COG4773	P
b0805	COG4774	P
b0177	COG4775	M
b1286	COG4776	K
b4096	COG4778	P
b0589	COG4779	P
b2494	COG4783	M
b3163	COG4785	M
b1078	COG4786	N
b1077	COG4787	N
b2825	COG4795	U
b3331	COG4795	U
b3391	COG4796	U
b3220	COG4804	R
b3903	COG4806	G
b2124	COG4807	S
b2123	COG4808	S
b2462	COG4810	E
b1820	COG4811	S
b2459	COG4812	E
b2439	COG4816	E
b2451	COG4819	E
b2454	COG4820	E
b4515	COG4890	S
b2461	COG4917	E
b4538	COG4917	E
b3613	COG4942	D
b0457	COG4943	T
b4061	COG4943	T
b1325	COG4948	M
b1581	COG4948	M
b2247	COG4948	M
b2787	COG4948	M
b2788	COG4948	M
b4478	COG4948	M
b2519	COG4953	M
b2823	COG4967	N
b0108	COG4969	N
b3395	COG4972	N
b0281	COG4973	L
b3811	COG4973	L
b0537	COG4974	L
b2894	COG4974	L
b4312	COG4974	L
b4313	COG4974	L
b3905	COG4977	K
b0886	COG4987	O
b0887	COG4988	O
b1647	COG4989	R
b1748	COG4992	E
b3073	COG4992	E
b3359	COG4992	E
b0124	COG4993	G
b0400	COG5002	T
b0570	COG5002	T
b2078	COG5002	T
b0813	COG5006	E
b3190	COG5007	T
b3396	COG5009	M
b0568	COG5010	W
b1224	COG5013	C
b1468	COG5013	C
b1614	COG5339	S
b3861	COG5339	S
b1423	COG5383,COG5383	R
b3099	COG5393	S
b0958	COG5404	D
b3932	COG5405	O
b0706	COG5433,COG5433	X
b1460	COG5433,COG5433,COG5433	X
b3484	COG5433,COG5433,COG5433	X
b4514	COG5433	X
b2226	COG5445,COG5445	S
b2107	COG5455	P
b4341	COG5457	S
b3037	COG5463	S
b4185	COG5463	S
b0132	COG5464	L
b2244	COG5464	L
b2305	COG5464	L
b3411	COG5464	L
b1957	COG5475	S
b4568	COG5487	S
b3082	COG5499	V
b0456	COG5507	S
b4410	COG5510	S
b4411	COG5510	S
b2539	COG5517	Q
b1373	COG5525	X
b1546	COG5525	X
b0561	COG5525	X
b4362	COG5529	X
b2360	COG5532	S
b2586	COG5544	S
b2995	COG5557	C
b0558	COG5562	X
b1161	COG5562	X
b1549	COG5562	X
b4558	COG5567	S
b0573	COG5569	P
b3548	COG5571	R
b1194	COG5581	N
b1104	COG5633	S
b1050	COG5645	S
b3688	COG5645	S
b2758	COG5934	V
b2760	COG5942	V
b2759	COG5949	V
