,sigma 19,sigma 24,sigma 32,sigma 38,sigma 54,sigma 70
0,fecA,ahpF,ackA,aceE,acrD,3'ETS-<i>leuZ</i>
1,fecB,apaG,adiC,aceF,actP,accA
2,fecC,apaH,alaA,acnA,amtB,accB
3,fecD,asflhD,alaT,acs,argT,accC
4,fecE,bacA,alaU,actP,aslB,accD
5,,bamA,alaV,ada,astA,aceA
6,,bamB,bidA,adhE,astB,aceB
7,,bamC,bssS,aidB,astC,aceE
8,,bamD,can,aldB,astD,aceF
9,,bamE,cas1,alkA,astE,aceK
10,,bepA,cas2,alkB,atoA,acnA
11,,bhsA,casD,ansP,atoB,acnB
12,,cca,casE,appA,atoD,acpP
13,,clpX,clpB,appB,atoE,acpS
14,,cyaR,clpP,appC,chaC,acrA
15,,degP,clpX,appX,dcuD,acrB
16,,der,cnoX,appY,ddpA,acrD
17,,dnaE,cra,araF,ddpB,acrE
18,,dolP,creA,araG,ddpC,acrF
19,,dsbC,creB,araH,ddpD,acrR
20,,eptB,creC,ariR,ddpF,acrZ
21,,essD,crr,arrS,ddpX,acs
22,,fabZ,dnaJ,artI,emrD,actP
23,,fadM,dnaK,artM,fdhF,ada
24,,fkpA,dsbC,artP,fhlA,add
25,,ftnB,fkpB,artQ,flhC,adeD
26,,fusA,ftsH,asr,flhD,adhE
27,,greA,fxsA,astA,focB,adiA
28,,gspA,gapA,astB,glmY,agaA
29,,gspB,glnS,astC,glnA,agaB
30,,hcp,gltT,astD,glnG,agaC
31,,hcr,gltU,astE,glnH,agaD
32,,hokE,gltV,baeR,glnK,agaI
33,,hpf,gltW,baeS,glnL,agaR
34,,ibaG,groL,blc,glnP,agaS
35,,insK,groS,blr,glnQ,agaV
36,,lgoR,grpE,bolA,glnZ,agaW
37,,lhr,hemW,bsmA,glpQ,ahpC
38,,lon,hflC,btsT,gltI,ahpF
39,,lptA,hflK,btuF,gltJ,aidB
40,,lptB,hflX,cbpA,gltK,alaC
41,,lptD,hfq,cbpM,gltL,alaE
42,,lpxA,holC,cfa,gnsA,alaT
43,,lpxB,hslO,cpxA,hisJ,alaU
44,,lpxD,hslR,cpxR,hisM,alaV
45,,lpxP,hslU,crr,hisP,alaW
46,,lyxK,hslV,csgA,hisQ,alaX
47,,malQ,hspQ,csgB,htpG,aldA
48,,matA,htpG,csgC,hycA,alkA
49,,micA,htpX,csgD,hycB,alkB
50,,micL,ibpA,csgE,hycC,allB
51,,mscM,ibpB,csgF,hycD,allC
52,,mzrA,ileS,csgG,hycE,allD
53,,narV,ileT,csiE,hycF,allE
54,,narW,ileU,csrA,hycG,alsA
55,,opgG,ileV,cyaR,hycH,alsB
56,,opgH,ispH,ddpA,hycI,alsC
57,,pdxA,lapA,ddpB,hydN,alsE
58,,phoQ,lapB,ddpC,hyfA,alsR
59,,plsB,ldhA,ddpD,hyfB,amiA
60,,prfB,lipB,ddpF,hyfC,amiB
61,,psd,lnt,ddpX,hyfD,ampC
62,,ptsN,lon,dgcC,hyfE,ampG
63,,rapZ,lspA,dhaK,hyfF,amyA
64,,rclA,mbiA,dhaL,hyfG,ansB
65,,rclB,metA,dhaM,hyfH,appA
66,,rclC,mhpT,dhaR,hyfI,appB
67,,recJ,miaA,dinB,hyfJ,appC
68,,recR,mlc,dkgA,hyfR,appX
69,,rfaD,mngA,dkgB,hypA,appY
70,,rflP,mngB,dmsD,hypB,apt
71,,rnhB,mpaA,dnaN,hypC,araA
72,,rnlB,mutL,dps,hypD,araB
73,,rpoD,mutM,ecnB,hypE,araC
74,,rpoE,nanX,elaB,hypF,araD
75,,rpoH,nanY,eno,ibpB,araE
76,,rpoN,narP,envC,nac,araF
77,,rrrD,nfuA,epd,nikA,araG
78,,rseA,nusB,evgA,nikB,araH
79,,rseB,osmF,evgS,nikC,araJ
80,,rseC,pgpA,fadL,nikD,arcA
81,,rseP,pgpC,fau,nikE,arfA
82,,rsmA,phoP,fbaA,nikR,argA
83,,rutR,phoQ,fbaB,norV,argB
84,,rybB,pncC,fic,norW,argC
85,,rzpD,pphA,folK,patA,argD
86,,sbmA,ppiD,frdA,potF,argE
87,,sgbE,prlC,frdB,potG,argF
88,,sgbH,ptsH,frdC,potH,argG
89,,sgbU,ptsI,frdD,potI,argH
90,,sixA,pyrF,ftsA,prpB,argI
91,,skp,raiA,ftsQ,prpC,argO
92,,stfZ,raiZ,ftsZ,prpD,argQ
93,,surA,rapA,fumC,prpE,argR
94,,tufA,rdgB,gabD,pspA,argS
95,,uspD,recJ,gabP,pspB,argU
96,,waaC,rfaD,gabT,pspC,argV
97,,waaF,ribE,gadA,pspD,argW
98,,waaL,rlmE,gadB,pspE,argX
99,,wza,rnlA,gadC,pspG,argY
100,,wzb,rpmE,gadE,pspH,argZ
101,,wzc,rpoD,gadF,puuP,ariR
102,,yaiW,rrfA,gadW,radD,aroA
103,,ybaB,rrfB,gadX,rcdB,aroB
104,,ybfG,rrfC,gadY,relA,aroD
105,,ydhI,rrfD,galE,rhaD,aroF
106,,ydhJ,rrfE,galK,rpoE,aroG
107,,ydhK,rrfF,galM,rpoH,aroH
108,,yeaY,rrfG,galT,rseA,aroK
109,,yfeK,rrfH,gapA,rseB,aroL
110,,yfeS,rrlA,glaH,rseC,aroM
111,,yfeX,rrlB,glgA,rseD,aroP
112,,yfeY,rrlC,glgC,rtcA,arrS
113,,yfgD,rrlD,glgP,rtcB,arsB
114,,yggN,rrlE,glgS,rtcR,arsC
115,,yghF,rrlG,glk,rutA,arsR
116,,ygiM,rrlH,glsA,rutB,artI
117,,yhjJ,rrsA,gltB,rutC,artJ
118,,yiaK,rrsB,gltD,rutD,artM
119,,yiaL,rrsC,gltF,rutE,artP
120,,yiaM,rrsD,gor,rutF,artQ
121,,yiaN,rrsE,gpmA,rutG,ascB
122,,yiaO,rrsG,gpmM,sroC,ascF
123,,yicI,rrsH,gyrB,ssnA,asnA
124,,yicJ,rsmJ,hchA,xapB,asnC
125,,yidQ,sdaA,hdeA,xdhA,asnT
126,,yieE,sdsR,hdeB,xdhB,asnU
127,,yieF,slt,hdeD,xdhC,asnV
128,,yiiS,tadA,hdfR,yaaU,aspA
129,,yoaC,thiL,hmp,yahE,aspV
130,,yqjA,thrV,hofM,yeaG,asr
131,,ytfJ,topA,hofN,yeaH,astA
132,,,tpke11,hofO,ygfK,astB
133,,,trmA,hofP,yhdW,astC
134,,,tyrR,htrE,yhdX,astD
135,,,valS,hyaA,yhdY,astE
136,,,waaC,hyaB,yhdZ,atpA
137,,,waaF,hyaC,ymjE,atpB
138,,,waaL,hyaD,zraP,atpC
139,,,xerD,hyaE,zraR,atpD
140,,,yafD,hyaF,zraS,atpE
141,,,yafE,ihfA,,atpF
142,,,yafU,ihfB,,atpG
143,,,ybeD,ilvY,,atpH
144,,,ybeX,insC5,,atpI
145,,,ybeY,insCD5,,azoR
146,,,ybeZ,insD5,,azuC
147,,,ybfE,insI1,,azuR
148,,,yccE,insN,,bamC
149,,,yceI,katE,,bcp
150,,,yceJ,kbp,,bcsB
151,,,yciH,ldcC,,bcsE
152,,,ycjF,lhgD,,bcsF
153,,,ycjX,lpd,,bcsG
154,,,ycjY,lsrA,,bcsZ
155,,,ydeO,lsrB,,bdcA
156,,,ydhQ,lsrC,,betA
157,,,yeaD,lsrD,,betB
158,,,yehR,lsrF,,betI
159,,,yehW,lsrG,,betT
160,,,yehX,luxS,,bglJ
161,,,yehY,mdtA,,bglX
162,,,yfbR,mdtB,,bhsA
163,,,yfjV,mdtC,,bidA
164,,,yhdN,mdtD,,bioA
165,,,yiaA,mdtE,,bioB
166,,,yibA,mdtF,,bioC
167,,,yjaZ,metK,,bioD
168,,,yjhG,mglA,,bioF
169,,,yjhH,mglB,,bluF
170,,,yjhI,mglC,,bluR
171,,,yjiT,micF,,bolA
172,,,ymjC,mlrA,,bssS
173,,,ymjD,mnmG,,btuB
174,,,yrdA,mpl,,btuD
175,,,yrfG,msyB,,btuE
176,,,zntR,mtn,,btuF
177,,,,murP,,cadA
178,,,,murQ,,cadB
179,,,,murR,,cadC
180,,,,mutS,,caiA
181,,,,narU,,caiB
182,,,,nhaA,,caiC
183,,,,nhaR,,caiD
184,,,,ompF,,caiE
185,,,,ompN,,caiF
186,,,,osmB,,caiT
187,,,,osmC,,can
188,,,,osmE,,carA
189,,,,osmF,,carB
190,,,,osmY,,cas1
191,,,,otsA,,cas2
192,,,,otsB,,cas3
193,,,,oxyR,,casA
194,,,,pabA,,casB
195,,,,patA,,casC
196,,,,patD,,casD
197,,,,pcnB,,casE
198,,,,pdeC,,cbl
199,,,,pdeR,,cbpA
200,,,,pdhR,,cbpM
201,,,,pfkA,,ccmA
202,,,,pfkB,,ccmB
203,,,,pgi,,ccmC
204,,,,pgk,,ccmD
205,,,,phoU,,ccmE
206,,,,phr,,ccmF
207,,,,poxB,,ccmG
208,,,,pphA,,ccmH
209,,,,ppk,,ccp
210,,,,ppx,,cdd
211,,,,pqiA,,cecR
212,,,,pqiB,,cedA
213,,,,pqiC,,cfa
214,,,,proP,,chiA
215,,,,proV,,chiX
216,,,,proW,,cho
217,,,,proX,,chpB
218,,,,pstA,,chpS
219,,,,pstB,,cirA
220,,,,pstC,,clpA
221,,,,pstS,,clpB
222,,,,puuA,,clpP
223,,,,puuB,,clpX
224,,,,puuC,,cmk
225,,,,puuD,,cmoM
226,,,,puuE,,coaD
227,,,,puuP,,cobS
228,,,,puuR,,cobT
229,,,,pykA,,cobU
230,,,,pykF,,codA
231,,,,ravA,,codB
232,,,,recF,,copA
233,,,,rhaR,,corA
234,,,,rhaS,,cpdB
235,,,,rpoE,,cpxA
236,,,,rpoH,,cpxP
237,,,,rraA,,cpxQ
238,,,,rsd,,cpxR
239,,,,rseA,,creA
240,,,,rseB,,creB
241,,,,rseC,,creC
242,,,,rseD,,creD
243,,,,rsmG,,crp
244,,,,rssA,,crr
245,,,,rssB,,csgA
246,,,,ryjA,,csgB
247,,,,sdhX,,csgC
248,,,,sdsN,,csgD
249,,,,sdsR,,csgE
250,,,,setA,,csgF
251,,,,sgrS,,csgG
252,,,,sgrT,,csiE
253,,,,sodC,,cspA
254,,,,sohB,,cspB
255,,,,speB,,cspC
256,,,,speC,,cspD
257,,,,speG,,cspE
258,,,,sra,,csqR
259,,,,ssrS,,csrA
260,,,,sucA,,csrB
261,,,,sucB,,cstA
262,,,,sucC,,cusA
263,,,,sucD,,cusB
264,,,,talA,,cusC
265,,,,tam,,cusF
266,,,,tktB,,cusR
267,,,,tolC,,cusS
268,,,,topA,,cutA
269,,,,tpiA,,cvpA
270,,,,treA,,cyaA
271,,,,treF,,cyaR
272,,,,uspB,,cydA
273,,,,viaA,,cydB
274,,,,wrbA,,cydC
275,,,,xapA,,cydD
276,,,,xapB,,cynR
277,,,,xthA,,cynS
278,,,,yabI,,cynT
279,,,,yadS,,cynX
280,,,,yadV,,cyoA
281,,,,yafN,,cyoB
282,,,,yafO,,cyoC
283,,,,yafP,,cyoD
284,,,,ybaT,,cyoE
285,,,,ybgA,,cysA
286,,,,ybiI,,cysB
287,,,,ybjP,,cysC
288,,,,yccJ,,cysD
289,,,,ycgZ,,cysG
290,,,,yciE,,cysH
291,,,,yciF,,cysI
292,,,,yciG,,cysJ
293,,,,yciT,,cysK
294,,,,yciZ,,cysM
295,,,,ydbD,,cysN
296,,,,ydbK,,cysP
297,,,,ydcS,,cysT
298,,,,ydcT,,cysU
299,,,,ydcU,,cysW
300,,,,ydcV,,cytR
301,,,,yddG,,dacC
302,,,,ydhT,,dadA
303,,,,ydhU,,dadX
304,,,,ydhV,,dam
305,,,,ydhW,,damX
306,,,,ydhX,,dapA
307,,,,ydhY,,dapB
308,,,,yehW,,dapD
309,,,,yehX,,dapE
310,,,,yehY,,dapF
311,,,,yeiL,,dctA
312,,,,yffO,,dctR
313,,,,yffP,,dcuA
314,,,,yggE,,dcuB
315,,,,ygiA,,dcuD
316,,,,ygiB,,dcuR
317,,,,ygiC,,dcuS
318,,,,yhfG,,ddlB
319,,,,yhiD,,deaD
320,,,,yhiM,,decR
321,,,,yhjG,,def
322,,,,yiaG,,degQ
323,,,,yibQ,,degS
324,,,,yihG,,deoA
325,,,,yjcH,,deoB
326,,,,ymgA,,deoC
327,,,,ymgC,,deoD
328,,,,ymiC,,dgcN
329,,,,ymjE,,dgcT
330,,,,ynfB,,dgcZ
331,,,,ynfE,,dgoA
332,,,,ynfF,,dgoD
333,,,,ynfG,,dgoK
334,,,,ynfH,,dgoR
335,,,,yqiG,,dgoT
336,,,,yqiH,,dicB
337,,,,yqiI,,dicC
338,,,,ytfK,,dinB
339,,,,znuA,,dinF
340,,,,,,dinG
341,,,,,,dinI
342,,,,,,dinJ
343,,,,,,dinQ
344,,,,,,dkgA
345,,,,,,dksA
346,,,,,,dmsA
347,,,,,,dmsB
348,,,,,,dmsC
349,,,,,,dmsD
350,,,,,,dnaA
351,,,,,,dnaG
352,,,,,,dnaN
353,,,,,,dppA
354,,,,,,dppB
355,,,,,,dppC
356,,,,,,dppD
357,,,,,,dppF
358,,,,,,dps
359,,,,,,dsbA
360,,,,,,dsbC
361,,,,,,dsdA
362,,,,,,dsdC
363,,,,,,dsdX
364,,,,,,dsrA
365,,,,,,dtpA
366,,,,,,dusB
367,,,,,,dut
368,,,,,,dxs
369,,,,,,ebgA
370,,,,,,ebgC
371,,,,,,ecpA
372,,,,,,eda
373,,,,,,edd
374,,,,,,efeU
375,,,,,,efp
376,,,,,,emrA
377,,,,,,emrB
378,,,,,,eno
379,,,,,,entA
380,,,,,,entB
381,,,,,,entC
382,,,,,,entD
383,,,,,,entE
384,,,,,,entF
385,,,,,,entH
386,,,,,,entS
387,,,,,,envZ
388,,,,,,epd
389,,,,,,eptB
390,,,,,,era
391,,,,,,esrE
392,,,,,,evgA
393,,,,,,evgS
394,,,,,,exbB
395,,,,,,exbD
396,,,,,,exuR
397,,,,,,fabA
398,,,,,,fabB
399,,,,,,fabD
400,,,,,,fabF
401,,,,,,fabG
402,,,,,,fabH
403,,,,,,fadA
404,,,,,,fadB
405,,,,,,fadD
406,,,,,,fadI
407,,,,,,fadJ
408,,,,,,fadR
409,,,,,,fau
410,,,,,,fbaA
411,,,,,,fdnG
412,,,,,,fdnH
413,,,,,,fdnI
414,,,,,,fdx
415,,,,,,feaB
416,,,,,,feaR
417,,,,,,fecI
418,,,,,,fecR
419,,,,,,feoA
420,,,,,,feoB
421,,,,,,feoC
422,,,,,,fepA
423,,,,,,fepB
424,,,,,,fepC
425,,,,,,fepD
426,,,,,,fepE
427,,,,,,fepG
428,,,,,,fes
429,,,,,,fhuA
430,,,,,,fhuB
431,,,,,,fhuC
432,,,,,,fhuD
433,,,,,,fhuF
434,,,,,,fimA
435,,,,,,fimB
436,,,,,,fimC
437,,,,,,fimD
438,,,,,,fimE
439,,,,,,fimF
440,,,,,,fimG
441,,,,,,fimH
442,,,,,,fimI
443,,,,,,fis
444,,,,,,fiu
445,,,,,,fixA
446,,,,,,fixB
447,,,,,,fixC
448,,,,,,fixX
449,,,,,,fkpB
450,,,,,,fldB
451,,,,,,flgA
452,,,,,,flgB
453,,,,,,flgC
454,,,,,,flgD
455,,,,,,flgE
456,,,,,,flgF
457,,,,,,flgG
458,,,,,,flgH
459,,,,,,flgI
460,,,,,,flgJ
461,,,,,,flgM
462,,,,,,flgN
463,,,,,,flhA
464,,,,,,flhB
465,,,,,,flhC
466,,,,,,flhD
467,,,,,,flhE
468,,,,,,fliA
469,,,,,,fliD
470,,,,,,fliE
471,,,,,,fliF
472,,,,,,fliG
473,,,,,,fliH
474,,,,,,fliI
475,,,,,,fliJ
476,,,,,,fliK
477,,,,,,fliL
478,,,,,,fliM
479,,,,,,fliN
480,,,,,,fliO
481,,,,,,fliP
482,,,,,,fliQ
483,,,,,,fliR
484,,,,,,fliS
485,,,,,,fliT
486,,,,,,fliZ
487,,,,,,flu
488,,,,,,fmt
489,,,,,,fnr
490,,,,,,fnrS
491,,,,,,focA
492,,,,,,folA
493,,,,,,folE
494,,,,,,folK
495,,,,,,fpr
496,,,,,,frc
497,,,,,,frdA
498,,,,,,frdB
499,,,,,,frdC
500,,,,,,frdD
501,,,,,,frlA
502,,,,,,frlB
503,,,,,,frlC
504,,,,,,frlD
505,,,,,,frlR
506,,,,,,frr
507,,,,,,frsA
508,,,,,,fruA
509,,,,,,fruB
510,,,,,,fruK
511,,,,,,ftnA
512,,,,,,ftnB
513,,,,,,ftsA
514,,,,,,ftsH
515,,,,,,ftsI
516,,,,,,ftsK
517,,,,,,ftsL
518,,,,,,ftsQ
519,,,,,,ftsW
520,,,,,,ftsZ
521,,,,,,fucA
522,,,,,,fucI
523,,,,,,fucK
524,,,,,,fucO
525,,,,,,fucP
526,,,,,,fucR
527,,,,,,fucU
528,,,,,,fumA
529,,,,,,fumB
530,,,,,,fumC
531,,,,,,fur
532,,,,,,gabD
533,,,,,,gabP
534,,,,,,gabT
535,,,,,,gadA
536,,,,,,gadB
537,,,,,,gadC
538,,,,,,gadE
539,,,,,,gadF
540,,,,,,gadX
541,,,,,,galE
542,,,,,,galK
543,,,,,,galM
544,,,,,,galP
545,,,,,,galR
546,,,,,,galS
547,,,,,,galT
548,,,,,,gapA
549,,,,,,garK
550,,,,,,garL
551,,,,,,garP
552,,,,,,garR
553,,,,,,gatA
554,,,,,,gatB
555,,,,,,gatC
556,,,,,,gatD
557,,,,,,gatY
558,,,,,,gatZ
559,,,,,,gcd
560,,,,,,gcl
561,,,,,,gcvA
562,,,,,,gcvB
563,,,,,,gcvH
564,,,,,,gcvP
565,,,,,,gcvR
566,,,,,,gcvT
567,,,,,,gdhA
568,,,,,,gfcA
569,,,,,,glcA
570,,,,,,glcB
571,,,,,,glcC
572,,,,,,glcD
573,,,,,,glcE
574,,,,,,glcF
575,,,,,,glcG
576,,,,,,glgA
577,,,,,,glgB
578,,,,,,glgC
579,,,,,,glgP
580,,,,,,glgX
581,,,,,,glk
582,,,,,,glmS
583,,,,,,glmU
584,,,,,,glmY
585,,,,,,glmZ
586,,,,,,glnA
587,,,,,,glnB
588,,,,,,glnG
589,,,,,,glnL
590,,,,,,glnQ
591,,,,,,glnS
592,,,,,,glnU
593,,,,,,glnV
594,,,,,,glnW
595,,,,,,glnX
596,,,,,,glnZ
597,,,,,,gloA
598,,,,,,glpA
599,,,,,,glpB
600,,,,,,glpC
601,,,,,,glpD
602,,,,,,glpF
603,,,,,,glpK
604,,,,,,glpQ
605,,,,,,glpT
606,,,,,,glpX
607,,,,,,glrK
608,,,,,,gltA
609,,,,,,gltB
610,,,,,,gltD
611,,,,,,gltF
612,,,,,,gltI
613,,,,,,gltJ
614,,,,,,gltK
615,,,,,,gltL
616,,,,,,gltT
617,,,,,,gltU
618,,,,,,gltV
619,,,,,,gltW
620,,,,,,gltX
621,,,,,,gluQ
622,,,,,,glxK
623,,,,,,glxR
624,,,,,,glyA
625,,,,,,glyQ
626,,,,,,glyS
627,,,,,,glyT
628,,,,,,glyU
629,,,,,,glyV
630,,,,,,glyW
631,,,,,,glyX
632,,,,,,glyY
633,,,,,,gmk
634,,,,,,gnd
635,,,,,,gnsA
636,,,,,,gntK
637,,,,,,gntP
638,,,,,,gntR
639,,,,,,gntT
640,,,,,,gntU
641,,,,,,gor
642,,,,,,gph
643,,,,,,gpmA
644,,,,,,gpsA
645,,,,,,gpt
646,,,,,,grcA
647,,,,,,greA
648,,,,,,groL
649,,,,,,groS
650,,,,,,grxB
651,,,,,,grxC
652,,,,,,grxD
653,,,,,,gsk
654,,,,,,gspA
655,,,,,,gspB
656,,,,,,gspC
657,,,,,,gspD
658,,,,,,gspE
659,,,,,,gspF
660,,,,,,gspG
661,,,,,,gspH
662,,,,,,gspI
663,,,,,,gspJ
664,,,,,,gspK
665,,,,,,gspL
666,,,,,,gspM
667,,,,,,gspO
668,,,,,,guaA
669,,,,,,guaB
670,,,,,,gutM
671,,,,,,gutQ
672,,,,,,gyrA
673,,,,,,gyrB
674,,,,,,hchA
675,,,,,,hdeA
676,,,,,,hdeB
677,,,,,,hdeD
678,,,,,,hemA
679,,,,,,hemB
680,,,,,,hemF
681,,,,,,hemH
682,,,,,,hemN
683,,,,,,hflC
684,,,,,,hflD
685,,,,,,hflK
686,,,,,,hflX
687,,,,,,hfq
688,,,,,,hha
689,,,,,,hicA
690,,,,,,hicB
691,,,,,,higA
692,,,,,,higB
693,,,,,,hipA
694,,,,,,hipB
695,,,,,,hisA
696,,,,,,hisB
697,,,,,,hisF
698,,,,,,hisH
699,,,,,,hisI
700,,,,,,hisJ
701,,,,,,hisM
702,,,,,,hisP
703,,,,,,hisQ
704,,,,,,hisR
705,,,,,,hisS
706,,,,,,hiuH
707,,,,,,hns
708,,,,,,hofB
709,,,,,,hofC
710,,,,,,hokD
711,,,,,,hpf
712,,,,,,hpt
713,,,,,,hscA
714,,,,,,hscB
715,,,,,,hslJ
716,,,,,,htrE
717,,,,,,hupB
718,,,,,,hyaA
719,,,,,,hyaB
720,,,,,,hyaC
721,,,,,,hyaD
722,,,,,,hyaE
723,,,,,,hyaF
724,,,,,,hybA
725,,,,,,hybB
726,,,,,,hybC
727,,,,,,hybD
728,,,,,,hybE
729,,,,,,hybF
730,,,,,,hybG
731,,,,,,hybO
732,,,,,,hyi
733,,,,,,hypF
734,,,,,,ibsC
735,,,,,,ibsD
736,,,,,,icd
737,,,,,,idlP
738,,,,,,idnK
739,,,,,,idnR
740,,,,,,ihfB
741,,,,,,ileS
742,,,,,,ileT
743,,,,,,ileU
744,,,,,,ileV
745,,,,,,ileX
746,,,,,,ilvA
747,,,,,,ilvB
748,,,,,,ilvC
749,,,,,,ilvD
750,,,,,,ilvE
751,,,,,,ilvG
752,,,,,,ilvH
753,,,,,,ilvI
754,,,,,,ilvL
755,,,,,,ilvM
756,,,,,,ilvN
757,,,,,,ilvX
758,,,,,,ilvY
759,,,,,,inaA
760,,,,,,infA
761,,,,,,infB
762,,,,,,infC
763,,,,,,insD7
764,,,,,,intQ
765,,,,,,intS
766,,,,,,iraD
767,,,,,,iraM
768,,,,,,iraP
769,,,,,,iscA
770,,,,,,iscR
771,,,,,,iscS
772,,,,,,iscU
773,,,,,,iscX
774,,,,,,ispA
775,,,,,,ispH
776,,,,,,isrC
777,,,,,,istR
778,,,,,,ivbL
779,,,,,,katG
780,,,,,,kbaY
781,,,,,,kbaZ
782,,,,,,kbl
783,,,,,,kdpA
784,,,,,,kdpB
785,,,,,,kdpC
786,,,,,,kdpF
787,,,,,,kdsA
788,,,,,,kdsB
789,,,,,,kdsC
790,,,,,,kdsD
791,,,,,,lacA
792,,,,,,lacI
793,,,,,,lacY
794,,,,,,lacZ
795,,,,,,lamB
796,,,,,,lapA
797,,,,,,lapB
798,,,,,,ldtC
799,,,,,,leuA
800,,,,,,leuB
801,,,,,,leuC
802,,,,,,leuD
803,,,,,,leuL
804,,,,,,leuO
805,,,,,,leuP
806,,,,,,leuQ
807,,,,,,leuT
808,,,,,,leuU
809,,,,,,leuV
810,,,,,,leuW
811,,,,,,leuX
812,,,,,,leuZ
813,,,,,,lexA
814,,,,,,lgt
815,,,,,,lhr
816,,,,,,lipB
817,,,,,,livF
818,,,,,,livG
819,,,,,,livH
820,,,,,,livJ
821,,,,,,livK
822,,,,,,livM
823,,,,,,lldD
824,,,,,,lldP
825,,,,,,lldR
826,,,,,,loiP
827,,,,,,lolA
828,,,,,,lon
829,,,,,,lpd
830,,,,,,lptA
831,,,,,,lptB
832,,,,,,lptC
833,,,,,,lptD
834,,,,,,lpxC
835,,,,,,lpxT
836,,,,,,lrp
837,,,,,,lspA
838,,,,,,lsrK
839,,,,,,lsrR
840,,,,,,lysA
841,,,,,,lysC
842,,,,,,lysO
843,,,,,,lysP
844,,,,,,lysR
845,,,,,,lysT
846,,,,,,lysU
847,,,,,,lysV
848,,,,,,lysW
849,,,,,,lyxK
850,,,,,,malE
851,,,,,,malF
852,,,,,,malG
853,,,,,,malH
854,,,,,,malI
855,,,,,,malK
856,,,,,,malM
857,,,,,,malP
858,,,,,,malQ
859,,,,,,malS
860,,,,,,malT
861,,,,,,malX
862,,,,,,malY
863,,,,,,manA
864,,,,,,manX
865,,,,,,manY
866,,,,,,manZ
867,,,,,,marA
868,,,,,,marB
869,,,,,,marR
870,,,,,,mazE
871,,,,,,mazF
872,,,,,,mcbA
873,,,,,,mdh
874,,,,,,mdtE
875,,,,,,mdtF
876,,,,,,mdtI
877,,,,,,mdtJ
878,,,,,,mdtU
879,,,,,,melA
880,,,,,,melB
881,,,,,,melR
882,,,,,,menA
883,,,,,,mepH
884,,,,,,metA
885,,,,,,metB
886,,,,,,metC
887,,,,,,metF
888,,,,,,metG
889,,,,,,metH
890,,,,,,metI
891,,,,,,metJ
892,,,,,,metK
893,,,,,,metL
894,,,,,,metN
895,,,,,,metQ
896,,,,,,metT
897,,,,,,metU
898,,,,,,metV
899,,,,,,metW
900,,,,,,metY
901,,,,,,metZ
902,,,,,,mfd
903,,,,,,mglA
904,,,,,,mglB
905,,,,,,mglC
906,,,,,,mgrR
907,,,,,,mgtA
908,,,,,,mgtL
909,,,,,,mgtS
910,,,,,,mhpA
911,,,,,,mhpB
912,,,,,,mhpC
913,,,,,,mhpD
914,,,,,,mhpE
915,,,,,,mhpF
916,,,,,,mhpR
917,,,,,,miaA
918,,,,,,micC
919,,,,,,micF
920,,,,,,mioC
921,,,,,,mlc
922,,,,,,mlrA
923,,,,,,mltF
924,,,,,,mngB
925,,,,,,mngR
926,,,,,,mnmG
927,,,,,,mntH
928,,,,,,mntP
929,,,,,,mntS
930,,,,,,modA
931,,,,,,modB
932,,,,,,modC
933,,,,,,moeA
934,,,,,,moeB
935,,,,,,mpl
936,,,,,,mprA
937,,,,,,mqsA
938,,,,,,mqsR
939,,,,,,mraY
940,,,,,,mraZ
941,,,,,,mreB
942,,,,,,mreC
943,,,,,,mreD
944,,,,,,mrp
945,,,,,,msrB
946,,,,,,msrP
947,,,,,,msrQ
948,,,,,,mtlA
949,,,,,,mtlD
950,,,,,,mtlR
951,,,,,,mtn
952,,,,,,mtr
953,,,,,,mukB
954,,,,,,mukE
955,,,,,,mukF
956,,,,,,murC
957,,,,,,murD
958,,,,,,murE
959,,,,,,murF
960,,,,,,murG
961,,,,,,murI
962,,,,,,murP
963,,,,,,murQ
964,,,,,,murR
965,,,,,,mutL
966,,,,,,mzrA
967,,,,,,nadB
968,,,,,,nadE
969,,,,,,nagA
970,,,,,,nagB
971,,,,,,nagC
972,,,,,,nagE
973,,,,,,nanA
974,,,,,,nanE
975,,,,,,nanK
976,,,,,,nanQ
977,,,,,,nanT
978,,,,,,nanY
979,,,,,,napA
980,,,,,,napB
981,,,,,,napC
982,,,,,,napD
983,,,,,,napF
984,,,,,,napG
985,,,,,,napH
986,,,,,,narG
987,,,,,,narH
988,,,,,,narI
989,,,,,,narJ
990,,,,,,narK
991,,,,,,narL
992,,,,,,narS
993,,,,,,narU
994,,,,,,narX
995,,,,,,ndh
996,,,,,,nei
997,,,,,,nemA
998,,,,,,nemR
999,,,,,,nfeF
1000,,,,,,nfo
1001,,,,,,nfsA
1002,,,,,,nfsB
1003,,,,,,nfuA
1004,,,,,,nhaA
1005,,,,,,nhaR
1006,,,,,,nirB
1007,,,,,,nirC
1008,,,,,,nirD
1009,,,,,,nlpD
1010,,,,,,nnr
1011,,,,,,nohA
1012,,,,,,npr
1013,,,,,,nrdA
1014,,,,,,nrdB
1015,,,,,,nrdD
1016,,,,,,nrdE
1017,,,,,,nrdF
1018,,,,,,nrdG
1019,,,,,,nrdH
1020,,,,,,nrdI
1021,,,,,,nrdR
1022,,,,,,nrfA
1023,,,,,,nrfB
1024,,,,,,nrfC
1025,,,,,,nrfD
1026,,,,,,nrfE
1027,,,,,,nrfF
1028,,,,,,nrfG
1029,,,,,,nudB
1030,,,,,,nuoA
1031,,,,,,nuoB
1032,,,,,,nuoC
1033,,,,,,nuoE
1034,,,,,,nuoF
1035,,,,,,nuoG
1036,,,,,,nuoH
1037,,,,,,nuoI
1038,,,,,,nuoJ
1039,,,,,,nuoK
1040,,,,,,nuoL
1041,,,,,,nuoM
1042,,,,,,nuoN
1043,,,,,,nupC
1044,,,,,,nupG
1045,,,,,,nusA
1046,,,,,,nusB
1047,,,,,,obgE
1048,,,,,,ohsC
1049,,,,,,ompA
1050,,,,,,ompC
1051,,,,,,ompF
1052,,,,,,ompN
1053,,,,,,ompR
1054,,,,,,ompX
1055,,,,,,opgG
1056,,,,,,opgH
1057,,,,,,osmB
1058,,,,,,osmC
1059,,,,,,osmE
1060,,,,,,osmY
1061,,,,,,oxc
1062,,,,,,oxyR
1063,,,,,,oxyS
1064,,,,,,paaA
1065,,,,,,paaB
1066,,,,,,paaC
1067,,,,,,paaD
1068,,,,,,paaE
1069,,,,,,paaF
1070,,,,,,paaG
1071,,,,,,paaH
1072,,,,,,paaI
1073,,,,,,paaJ
1074,,,,,,paaK
1075,,,,,,paaX
1076,,,,,,paaY
1077,,,,,,pabA
1078,,,,,,panB
1079,,,,,,panC
1080,,,,,,panD
1081,,,,,,panF
1082,,,,,,patZ
1083,,,,,,pck
1084,,,,,,pcm
1085,,,,,,pcnB
1086,,,,,,pdeL
1087,,,,,,pdhR
1088,,,,,,pdxJ
1089,,,,,,pepA
1090,,,,,,pepD
1091,,,,,,pepP
1092,,,,,,pfkA
1093,,,,,,pflA
1094,,,,,,pflB
1095,,,,,,pgi
1096,,,,,,pgk
1097,,,,,,pgpA
1098,,,,,,pgpB
1099,,,,,,pheA
1100,,,,,,pheL
1101,,,,,,pheP
1102,,,,,,pheU
1103,,,,,,pheV
1104,,,,,,phnC
1105,,,,,,phnD
1106,,,,,,phnE
1107,,,,,,phnF
1108,,,,,,phnG
1109,,,,,,phnH
1110,,,,,,phnI
1111,,,,,,phnJ
1112,,,,,,phnK
1113,,,,,,phnL
1114,,,,,,phnM
1115,,,,,,phnN
1116,,,,,,phnO
1117,,,,,,phnP
1118,,,,,,phoA
1119,,,,,,phoB
1120,,,,,,phoE
1121,,,,,,phoH
1122,,,,,,phoR
1123,,,,,,phoU
1124,,,,,,pitB
1125,,,,,,plaR
1126,,,,,,pldA
1127,,,,,,plsX
1128,,,,,,pncB
1129,,,,,,pnp
1130,,,,,,pntA
1131,,,,,,pntB
1132,,,,,,polB
1133,,,,,,poxB
1134,,,,,,ppdD
1135,,,,,,ppiA
1136,,,,,,ppiD
1137,,,,,,ppsA
1138,,,,,,pqiA
1139,,,,,,pqiB
1140,,,,,,pqiC
1141,,,,,,preA
1142,,,,,,preT
1143,,,,,,prfA
1144,,,,,,prfC
1145,,,,,,priB
1146,,,,,,prlF
1147,,,,,,prmA
1148,,,,,,prmC
1149,,,,,,proK
1150,,,,,,proL
1151,,,,,,proM
1152,,,,,,proP
1153,,,,,,proS
1154,,,,,,proV
1155,,,,,,proW
1156,,,,,,proX
1157,,,,,,prpR
1158,,,,,,prs
1159,,,,,,psiE
1160,,,,,,psiF
1161,,,,,,pspF
1162,,,,,,pssA
1163,,,,,,pstA
1164,,,,,,pstB
1165,,,,,,pstC
1166,,,,,,pstS
1167,,,,,,pta
1168,,,,,,pth
1169,,,,,,ptrA
1170,,,,,,ptsG
1171,,,,,,ptsH
1172,,,,,,ptsI
1173,,,,,,ptsN
1174,,,,,,purA
1175,,,,,,purB
1176,,,,,,purC
1177,,,,,,purD
1178,,,,,,purE
1179,,,,,,purF
1180,,,,,,purH
1181,,,,,,purK
1182,,,,,,purL
1183,,,,,,purM
1184,,,,,,purN
1185,,,,,,purR
1186,,,,,,purT
1187,,,,,,purU
1188,,,,,,putA
1189,,,,,,putP
1190,,,,,,pykA
1191,,,,,,pykF
1192,,,,,,pyrC
1193,,,,,,pyrD
1194,,,,,,pyrF
1195,,,,,,pyrH
1196,,,,,,qseB
1197,,,,,,qseC
1198,,,,,,rapA
1199,,,,,,rapZ
1200,,,,,,rarA
1201,,,,,,rbfA
1202,,,,,,rbn
1203,,,,,,rbsA
1204,,,,,,rbsB
1205,,,,,,rbsC
1206,,,,,,rbsD
1207,,,,,,rbsK
1208,,,,,,rbsR
1209,,,,,,rcnA
1210,,,,,,rcnB
1211,,,,,,rcnR
1212,,,,,,rcsA
1213,,,,,,rcsB
1214,,,,,,rcsD
1215,,,,,,rdlD
1216,,,,,,recA
1217,,,,,,recB
1218,,,,,,recC
1219,,,,,,recD
1220,,,,,,recF
1221,,,,,,recG
1222,,,,,,recJ
1223,,,,,,recN
1224,,,,,,recO
1225,,,,,,recQ
1226,,,,,,recX
1227,,,,,,relA
1228,,,,,,relB
1229,,,,,,relE
1230,,,,,,rep
1231,,,,,,rfaD
1232,,,,,,rfe
1233,,,,,,rffC
1234,,,,,,rffG
1235,,,,,,rffH
1236,,,,,,rffM
1237,,,,,,rhaA
1238,,,,,,rhaB
1239,,,,,,rhaD
1240,,,,,,rhaR
1241,,,,,,rhaS
1242,,,,,,rhaT
1243,,,,,,ribA
1244,,,,,,ribD
1245,,,,,,ribE
1246,,,,,,ribF
1247,,,,,,rihB
1248,,,,,,rimK
1249,,,,,,rimM
1250,,,,,,rimP
1251,,,,,,rirA
1252,,,,,,rlmE
1253,,,,,,rluA
1254,,,,,,rnb
1255,,,,,,rnc
1256,,,,,,rnd
1257,,,,,,rne
1258,,,,,,rnlA
1259,,,,,,rnlB
1260,,,,,,rnpB
1261,,,,,,rnt
1262,,,,,,rpe
1263,,,,,,rpiB
1264,,,,,,rplB
1265,,,,,,rplC
1266,,,,,,rplD
1267,,,,,,rplI
1268,,,,,,rplP
1269,,,,,,rplQ
1270,,,,,,rplS
1271,,,,,,rplT
1272,,,,,,rplU
1273,,,,,,rplV
1274,,,,,,rplW
1275,,,,,,rplY
1276,,,,,,rpmA
1277,,,,,,rpmC
1278,,,,,,rpmI
1279,,,,,,rpoA
1280,,,,,,rpoD
1281,,,,,,rpoE
1282,,,,,,rpoH
1283,,,,,,rpoN
1284,,,,,,rpoS
1285,,,,,,rpoZ
1286,,,,,,rpsA
1287,,,,,,rpsB
1288,,,,,,rpsC
1289,,,,,,rpsD
1290,,,,,,rpsF
1291,,,,,,rpsJ
1292,,,,,,rpsK
1293,,,,,,rpsM
1294,,,,,,rpsO
1295,,,,,,rpsP
1296,,,,,,rpsQ
1297,,,,,,rpsR
1298,,,,,,rpsS
1299,,,,,,rpsU
1300,,,,,,rraA
1301,,,,,,rraB
1302,,,,,,rrfA
1303,,,,,,rrfB
1304,,,,,,rrfC
1305,,,,,,rrfD
1306,,,,,,rrfE
1307,,,,,,rrfF
1308,,,,,,rrfG
1309,,,,,,rrfH
1310,,,,,,rrlA
1311,,,,,,rrlB
1312,,,,,,rrlC
1313,,,,,,rrlD
1314,,,,,,rrlE
1315,,,,,,rrlG
1316,,,,,,rrlH
1317,,,,,,rrsA
1318,,,,,,rrsB
1319,,,,,,rrsC
1320,,,,,,rrsD
1321,,,,,,rrsE
1322,,,,,,rrsG
1323,,,,,,rrsH
1324,,,,,,rsd
1325,,,,,,rseA
1326,,,,,,rseB
1327,,,,,,rseC
1328,,,,,,rseD
1329,,,,,,rsmG
1330,,,,,,rsmH
1331,,,,,,rutR
1332,,,,,,ruvC
1333,,,,,,rybA
1334,,,,,,rydC
1335,,,,,,ryeA
1336,,,,,,ryfD
1337,,,,,,ryhB
1338,,,,,,ryjB
1339,,,,,,safA
1340,,,,,,sbcC
1341,,,,,,sbcD
1342,,,,,,sdhA
1343,,,,,,sdhB
1344,,,,,,sdhC
1345,,,,,,sdhD
1346,,,,,,sdhX
1347,,,,,,sdiA
1348,,,,,,secB
1349,,,,,,secG
1350,,,,,,serA
1351,,,,,,serC
1352,,,,,,serT
1353,,,,,,serU
1354,,,,,,serV
1355,,,,,,serW
1356,,,,,,serX
1357,,,,,,setA
1358,,,,,,sfsA
1359,,,,,,sgbE
1360,,,,,,sgbH
1361,,,,,,sgbU
1362,,,,,,sgrR
1363,,,,,,sgrS
1364,,,,,,sgrT
1365,,,,,,shiA
1366,,,,,,shoB
1367,,,,,,sibA
1368,,,,,,sibB
1369,,,,,,sibD
1370,,,,,,sibE
1371,,,,,,sixA
1372,,,,,,slmA
1373,,,,,,slp
1374,,,,,,sodA
1375,,,,,,sodB
1376,,,,,,sohB
1377,,,,,,sokB
1378,,,,,,sokC
1379,,,,,,soxR
1380,,,,,,soxS
1381,,,,,,speA
1382,,,,,,speB
1383,,,,,,speD
1384,,,,,,speE
1385,,,,,,spf
1386,,,,,,spoT
1387,,,,,,spy
1388,,,,,,sraG
1389,,,,,,srkA
1390,,,,,,srlA
1391,,,,,,srlB
1392,,,,,,srlD
1393,,,,,,srlE
1394,,,,,,srlR
1395,,,,,,sroA
1396,,,,,,sroC
1397,,,,,,sroD
1398,,,,,,ssb
1399,,,,,,ssnA
1400,,,,,,ssrA
1401,,,,,,ssrS
1402,,,,,,ssuA
1403,,,,,,ssuB
1404,,,,,,ssuC
1405,,,,,,ssuD
1406,,,,,,ssuE
1407,,,,,,stfQ
1408,,,,,,stfZ
1409,,,,,,stpA
1410,,,,,,sucA
1411,,,,,,sucB
1412,,,,,,sucC
1413,,,,,,sucD
1414,,,,,,sufA
1415,,,,,,sufB
1416,,,,,,sufC
1417,,,,,,sufD
1418,,,,,,sufE
1419,,,,,,sufS
1420,,,,,,sulA
1421,,,,,,sutR
1422,,,,,,sxy
1423,,,,,,symE
1424,,,,,,symR
1425,,,,,,tatA
1426,,,,,,tatB
1427,,,,,,tatC
1428,,,,,,tatD
1429,,,,,,tcyJ
1430,,,,,,tdh
1431,,,,,,tfaQ
1432,,,,,,tff
1433,,,,,,thiB
1434,,,,,,thiL
1435,,,,,,thiP
1436,,,,,,thiQ
1437,,,,,,thrA
1438,,,,,,thrB
1439,,,,,,thrC
1440,,,,,,thrL
1441,,,,,,thrT
1442,,,,,,thrU
1443,,,,,,thrV
1444,,,,,,thrW
1445,,,,,,thyA
1446,,,,,,tnaA
1447,,,,,,tnaB
1448,,,,,,tnaC
1449,,,,,,tomB
1450,,,,,,tonB
1451,,,,,,topA
1452,,,,,,torA
1453,,,,,,torC
1454,,,,,,torD
1455,,,,,,torR
1456,,,,,,tpiA
1457,,,,,,tpr
1458,,,,,,tpx
1459,,,,,,treB
1460,,,,,,treC
1461,,,,,,treR
1462,,,,,,trmD
1463,,,,,,trmH
1464,,,,,,trpA
1465,,,,,,trpB
1466,,,,,,trpC
1467,,,,,,trpD
1468,,,,,,trpE
1469,,,,,,trpL
1470,,,,,,trpR
1471,,,,,,trpS
1472,,,,,,truB
1473,,,,,,trxA
1474,,,,,,trxC
1475,,,,,,tsaE
1476,,,,,,tsf
1477,,,,,,tsr
1478,,,,,,tsx
1479,,,,,,ttdA
1480,,,,,,ttdB
1481,,,,,,ttdT
1482,,,,,,tufA
1483,,,,,,tufB
1484,,,,,,tynA
1485,,,,,,tyrA
1486,,,,,,tyrB
1487,,,,,,tyrP
1488,,,,,,tyrR
1489,,,,,,tyrT
1490,,,,,,tyrU
1491,,,,,,tyrV
1492,,,,,,ubiA
1493,,,,,,ubiC
1494,,,,,,ubiG
1495,,,,,,ubiH
1496,,,,,,ubiI
1497,,,,,,ubiX
1498,,,,,,udp
1499,,,,,,ugpA
1500,,,,,,ugpB
1501,,,,,,ugpC
1502,,,,,,ugpE
1503,,,,,,ugpQ
1504,,,,,,uhpT
1505,,,,,,uidR
1506,,,,,,ulaA
1507,,,,,,ulaB
1508,,,,,,ulaC
1509,,,,,,ulaD
1510,,,,,,ulaE
1511,,,,,,ulaF
1512,,,,,,umpG
1513,,,,,,umpH
1514,,,,,,umuC
1515,,,,,,umuD
1516,,,,,,upp
1517,,,,,,uraA
1518,,,,,,uspA
1519,,,,,,uvrA
1520,,,,,,uvrB
1521,,,,,,uvrC
1522,,,,,,uvrD
1523,,,,,,uvrY
1524,,,,,,uxaA
1525,,,,,,uxaB
1526,,,,,,uxaC
1527,,,,,,uxuA
1528,,,,,,uxuB
1529,,,,,,uxuR
1530,,,,,,valS
1531,,,,,,valT
1532,,,,,,valU
1533,,,,,,valV
1534,,,,,,valW
1535,,,,,,valX
1536,,,,,,valY
1537,,,,,,waaA
1538,,,,,,waaB
1539,,,,,,waaC
1540,,,,,,waaF
1541,,,,,,waaG
1542,,,,,,waaH
1543,,,,,,waaJ
1544,,,,,,waaL
1545,,,,,,waaO
1546,,,,,,waaP
1547,,,,,,waaQ
1548,,,,,,waaS
1549,,,,,,waaU
1550,,,,,,waaY
1551,,,,,,waaZ
1552,,,,,,wcaA
1553,,,,,,wcaB
1554,,,,,,wecB
1555,,,,,,wecC
1556,,,,,,wecE
1557,,,,,,wecF
1558,,,,,,wza
1559,,,,,,wzb
1560,,,,,,wzc
1561,,,,,,wzxE
1562,,,,,,wzyE
1563,,,,,,wzzE
1564,,,,,,xapA
1565,,,,,,xapB
1566,,,,,,xapR
1567,,,,,,xerC
1568,,,,,,xerD
1569,,,,,,xseA
1570,,,,,,xseB
1571,,,,,,xtpA
1572,,,,,,xylE
1573,,,,,,yacC
1574,,,,,,yadS
1575,,,,,,yadV
1576,,,,,,yafN
1577,,,,,,yafO
1578,,,,,,yafP
1579,,,,,,yafQ
1580,,,,,,yagK
1581,,,,,,yaiA
1582,,,,,,yajG
1583,,,,,,yajO
1584,,,,,,ybbW
1585,,,,,,ybbY
1586,,,,,,ybdN
1587,,,,,,ybdZ
1588,,,,,,ybeD
1589,,,,,,ybhF
1590,,,,,,ybhG
1591,,,,,,ybhL
1592,,,,,,ybhR
1593,,,,,,ybhS
1594,,,,,,ybiB
1595,,,,,,ybjC
1596,,,,,,ybjN
1597,,,,,,ycaR
1598,,,,,,yccA
1599,,,,,,ycdZ
1600,,,,,,yceI
1601,,,,,,yceJ
1602,,,,,,ycgZ
1603,,,,,,ychA
1604,,,,,,ychF
1605,,,,,,ychH
1606,,,,,,ychO
1607,,,,,,ychQ
1608,,,,,,yciB
1609,,,,,,yciC
1610,,,,,,yciE
1611,,,,,,yciH
1612,,,,,,yciW
1613,,,,,,yciX
1614,,,,,,ydeI
1615,,,,,,ydeJ
1616,,,,,,ydeM
1617,,,,,,ydeN
1618,,,,,,ydeO
1619,,,,,,ydeP
1620,,,,,,ydfA
1621,,,,,,ydfB
1622,,,,,,ydfC
1623,,,,,,ydfD
1624,,,,,,ydfE
1625,,,,,,ydfW
1626,,,,,,ydfX
1627,,,,,,ydjM
1628,,,,,,yeaE
1629,,,,,,yeaR
1630,,,,,,yebB
1631,,,,,,yebC
1632,,,,,,yebE
1633,,,,,,yebG
1634,,,,,,yefM
1635,,,,,,yegR
1636,,,,,,yegZ
1637,,,,,,yehF
1638,,,,,,yeiB
1639,,,,,,yfaE
1640,,,,,,yfdE
1641,,,,,,yfdV
1642,,,,,,yfdX
1643,,,,,,yffB
1644,,,,,,yfgG
1645,,,,,,yfiB
1646,,,,,,yfiR
1647,,,,,,ygeA
1648,,,,,,ygeH
1649,,,,,,ygfB
1650,,,,,,yhaV
1651,,,,,,yhbE
1652,,,,,,yhdT
1653,,,,,,yhfA
1654,,,,,,yhgH
1655,,,,,,yhhY
1656,,,,,,yhiD
1657,,,,,,yhjR
1658,,,,,,yhjX
1659,,,,,,yiaK
1660,,,,,,yiaL
1661,,,,,,yiaM
1662,,,,,,yiaN
1663,,,,,,yiaO
1664,,,,,,yibN
1665,,,,,,yifL
1666,,,,,,yigA
1667,,,,,,yigB
1668,,,,,,yihI
1669,,,,,,yihS
1670,,,,,,yihT
1671,,,,,,yihU
1672,,,,,,yihV
1673,,,,,,yjbE
1674,,,,,,yjbF
1675,,,,,,yjbG
1676,,,,,,yjbH
1677,,,,,,yjcH
1678,,,,,,yjeV
1679,,,,,,yjjQ
1680,,,,,,yjjZ
1681,,,,,,ykgM
1682,,,,,,ykgO
1683,,,,,,ykgR
1684,,,,,,yliM
1685,,,,,,ymgA
1686,,,,,,ymgC
1687,,,,,,ymiA
1688,,,,,,ymiC
1689,,,,,,ynfE
1690,,,,,,ynfF
1691,,,,,,ynfG
1692,,,,,,ynfH
1693,,,,,,yoaE
1694,,,,,,yoaG
1695,,,,,,yobF
1696,,,,,,yoeB
1697,,,,,,yojI
1698,,,,,,ypfN
1699,,,,,,yqhD
1700,,,,,,yqjA
1701,,,,,,yrbG
1702,,,,,,yrbN
1703,,,,,,ysgA
1704,,,,,,ytiC
1705,,,,,,ytiD
1706,,,,,,zinT
1707,,,,,,zntA
1708,,,,,,znuB
1709,,,,,,znuC
